M;0.025673062
S;0.02589871
D;0.026473731
E;0.0282235
N;0.045664972
H;0.054883579
N;0.038559437
S;0.071235612
D;0.076363266
V;0.091268711
Q;0.080846828
D;0.072338541
I;0.065841347
P;0.047284424
S;0.061786095
P;0.061972231
E;0.066999322
L;0.075758268
S;0.061249048
V;0.057415351
D;0.046193908
S;0.043723665
N;0.040373033
S;0.040486485
N;0.069440514
E;0.068420112
N;0.080276539
E;0.078949913
L;0.080679363
M;0.07639279
N;0.039688975
N;0.033903614
S;0.031671375
S;0.035889626
A;0.03641935
D;0.041522086
D;0.089652061
G;0.119391322
I;0.106657902
E;0.084983446
F;0.071527487
D;0.061481814
A;0.010348052
P;0.008298457
E;0.008166313
E;0.00804387
E;0.007767916
R;0.007471412
E;0.008594126
A;0.008199781
E;0.007479936
R;0.007156953
E;0.007784194
E;0.008343821
E;0.016683638
N;0.018463284
E;0.023266892
E;0.029097788
Q;0.033354598
H;0.045902436
E;0.049396425
L;0.046947613
E;0.038585862
D;0.034497403
V;0.032108968
N;0.028332571
D;0.006728083
E;0.007295683
E;0.007174224
E;0.006953545
E;0.006894255
D;0.007084861
K;0.008152038
E;0.008828342
E;0.009583602
K;0.010995194
G;0.012831199
E;0.016270166
E;0.141553223
N;0.216044471
G;0.251781513
E;0.250762008
V;0.244102079
I;0.210455408
N;0.014710099
T;0.012548253
E;0.01107499
E;0.010338359
E;0.010486168
E;0.010932704
E;0.016333908
E;0.019110173
E;0.022805442
H;0.027468123
Q;0.027013385
Q;0.025732875
K;0.014418244
G;0.01511611
G;0.013293713
N;0.011525035
D;0.010112375
D;0.009359936
D;0.006236732
D;0.006703988
D;0.007269452
D;0.007900313
N;0.008511543
E;0.008447697
E;0.008128464
E;0.008128464
E;0.007880161
E;0.007542357
E;0.007176173
E;0.006825084
E;0.004645497
D;0.004553616
D;0.004522989
D;0.004507676
D;0.004498488
D;0.004492362
D;0.004461735
D;0.004461735
D;0.004517913
D;0.004634582
D;0.004823083
D;0.005088796
D;0.007372946
E;0.007750705
E;0.007876625
E;0.007939585
E;0.00797736
E;0.008002544
E;0.010602146
E;0.011937335
E;0.01228869
E;0.0132332
E;0.014773995
G;0.017046417
N;0.051196069
D;0.05724518
N;0.07878226
S;0.080552429
S;0.078494692
V;0.076267108
G;0.041105241
S;0.037217513
D;0.032671809
S;0.033069514
A;0.031012219
A;0.028085763
E;0.008756995
D;0.008868635
G;0.008848896
E;0.008352168
D;0.008124125
E;0.007774418
E;0.005782604
D;0.006233528
K;0.006511211
K;0.006573021
D;0.006860524
K;0.006846805
T;0.014656097
K;0.013060942
D;0.018431594
K;0.021492414
E;0.023359078
V;0.023146277
E;0.009952307
L;0.01241757
R;0.011072179
R;0.012197055
E;0.01442104
T;0.015437504
L;0.015112072
E;0.011023358
K;0.011825472
E;0.012934998
Q;0.013555342
K;0.014311478
D;0.077777207
V;0.104814053
D;0.084217211
E;0.097504154
A;0.11300711
I;0.104259372
K;0.017287463
K;0.017479315
I;0.018861075
T;0.015976354
R;0.014136922
E;0.014442965
E;0.024482608
N;0.049158245
D;0.056141675
N;0.078468353
T;0.088125604
H;0.104963049
F;0.047437221
P;0.039766148
T;0.055658112
N;0.067220576
M;0.09335314
E;0.09792454
N;0.323253453
V;0.415021718
N;0.329311798
Y;0.272027045
D;0.228120816
L;0.21740294
L;0.066820383
Q;0.064572304
K;0.101538688
Q;0.228839196
V;0.253658855
K;0.225581527
Y;0.129380524
I;0.127189949
M;0.110052784
D;0.103343211
S;0.142540258
N;0.155530021
M;0.138824522
L;0.184693977
N;0.157749643
L;0.145910263
P;0.146036816
Q;0.157298421
F;0.162470788
Q;0.118881494
H;0.09538723
L;0.076498203
P;0.064585364
Q;0.05711635
E;0.021334082
E;0.038632184
K;0.084072977
M;0.185399815
S;0.284070361
A;0.367045691
I;0.75639689
L;0.514054269
A;0.388322373
M;0.314506724
L;0.261036766
N;0.223426873
S;0.039297521
N;0.047957301
S;0.052189241
D;0.073212527
T;0.098713291
A;0.108205701
L;0.132812649
S;0.091267422
V;0.074001918
P;0.061381005
P;0.064906132
H;0.07895268
D;0.100194573
S;0.146249011
T;0.157026261
I;0.156255186
S;0.138980639
T;0.126141305
T;0.070127249
A;0.077039644
S;0.076628943
A;0.075546838
S;0.074797249
A;0.069891925
T;0.033666641
S;0.031653404
G;0.02711302
A;0.023446172
R;0.020264977
S;0.019093538
N;0.008314162
D;0.007042795
Q;0.007908891
R;0.00835941
K;0.009837502
P;0.01304697
P;0.031835586
L;0.0295524
S;0.023835063
D;0.021041796
A;0.018917477
Q;0.01744465
R;0.007364243
R;0.008196861
M;0.010801901
R;0.010223888
F;0.012376261
P;0.013056378
R;0.019635856
A;0.026142403
D;0.035223623
L;0.049501672
S;0.048236567
K;0.044936399
P;0.034407526
I;0.038281381
T;0.030430247
E;0.025416613
E;0.023951977
E;0.024259975
H;0.038138866
D;0.036880955
R;0.060012788
Y;0.145812251
A;0.181545991
A;0.185509935
Y;0.138880759
L;0.111213252
H;0.110331913
G;0.097619325
E;0.086591804
N;0.087213367
K;0.083424479
I;0.128645107
T;0.141901771
E;0.149006344
M;0.159581757
H;0.156608527
N;0.043503255
I;0.032214612
P;0.02569294
P;0.025227256
K;0.037710863
S;0.071939225
R;0.232252777
L;0.506306618
F;0.469533523
I;0.449458838
G;0.383947259
N;0.336057802
L;0.142677128
P;0.104843184
L;0.09611553
K;0.080127195
N;0.071006125
V;0.065729678
S;0.032179952
K;0.026517138
E;0.050434043
D;0.119206168
L;0.18078478
F;0.172035545
R;0.13313213
I;0.230012134
F;0.187696556
S;0.192785054
P;0.227742732
Y;0.26746058
G;0.756685555
H;0.774738938
I;0.782243192
M;0.721085146
Q;0.665730101
I;0.610323057
N;0.196386546
I;0.173234195
K;0.151692718
N;0.275021531
A;0.337762207
F;0.410023645
G;0.446177691
F;0.398485154
I;0.302357882
Q;0.232709296
F;0.190382236
D;0.164261709
N;0.039988011
P;0.03307505
Q;0.033590853
S;0.043342762
V;0.044388342
R;0.042864472
D;0.09416908
A;0.116860166
I;0.104181389
E;0.084360488
C;0.076702732
E;0.06892099
S;0.092045069
Q;0.088425234
E;0.081647704
M;0.076766759
N;0.073608184
F;0.0789647
G;0.134249657
K;0.122041345
K;0.260310928
L;0.385032922
I;0.393492156
L;0.348832245
E;0.071179718
V;0.097574517
S;0.078520079
S;0.065799788
S;0.056368232
N;0.050975452
A;0.016139925
R;0.01556927
P;0.023713122
Q;0.027641721
F;0.030378258
D;0.031858812
H;0.07378611
G;0.061372906
D;0.057580233
H;0.06282343
G;0.059766293
T;0.058236773
N;0.099772513
S;0.200094059
S;0.247712225
S;0.266606756
T;0.27248463
F;0.264107674
I;0.058940828
S;0.039032087
S;0.032936007
A;0.028124638
K;0.02496357
R;0.023441881
P;0.033356339
F;0.036944062
Q;0.032401413
T;0.032160506
E;0.035238463
S;0.041504731
G;0.039060324
D;0.030575961
M;0.028305898
Y;0.025848471
N;0.024963725
D;0.024920965
D;0.059834719
N;0.076621413
G;0.070679565
A;0.062194735
G;0.052877229
Y;0.045207237
K;0.005958855
K;0.007620782
S;0.013625791
R;0.016520843
R;0.033701664
H;0.092191433
T;0.514000952
V;0.647466034
S;0.694178243
C;0.719479516
N;0.659798956
I;0.583341022
F;0.043697983
V;0.031821802
K;0.023548752
R;0.020166337
T;0.021404618
A;0.022309725
D;0.048229218
R;0.056432202
T;0.184442262
Y;0.318057582
A;0.389484763
I;0.38160343
E;0.17151624
V;0.13736017
F;0.097286512
N;0.075756274
R;0.062522626
F;0.05518808
R;0.02220282
D;0.033263668
G;0.046011537
T;0.045611151
G;0.047354954
L;0.059448048
E;0.148677766
T;0.316288561
D;0.384698649
M;0.40357957
I;0.347193354
F;0.294582168
L;0.014139742
K;0.013396993
P;0.016097218
R;0.018239111
M;0.031926781
E;0.058326239
L;0.288979441
G;0.197398365
K;0.164634337
L;0.17441836
I;0.177479035
N;0.159793958
D;0.068728089
A;0.151930839
A;0.215985219
Y;0.234638654
N;0.293476874
G;0.368182128
V;0.793011844
W;0.788931042
G;0.78836598
V;0.78989169
V;0.729851818
L;0.635877848
V;0.08106786
N;0.077937245
K;0.070406864
T;0.126354374
H;0.163657683
N;0.165684079
V;0.328110874
D;0.323416859
V;0.371898154
Q;0.309319951
T;0.26140815
F;0.223961453
Y;0.025183141
K;0.022772595
G;0.028211594
S;0.029497199
Q;0.031831998
G;0.031183903
E;0.016694546
T;0.022446528
K;0.037778407
F;0.066807501
D;0.112737155
E;0.175909678
Y;0.626167953
I;0.482160583
S;0.344816615
I;0.272160053
S;0.227001089
A;0.197980737
D;0.145561367
D;0.377120718
A;0.512518793
V;0.580612712
A;0.620840555
I;0.632904803
F;0.200798601
N;0.154549405
N;0.117575953
I;0.095198542
K;0.078656894
N;0.068873569
N;0.013152897
R;0.011232495
N;0.014305274
N;0.014032997
S;0.014480567
R;0.013652757
P;0.0195463
T;0.024759635
D;0.025076439
Y;0.027437948
R;0.027742767
A;0.034418275
M;0.066622198
S;0.146520078
H;0.296037873
Q;0.310233951
Q;0.327812576
N;0.316686094
I;0.121201307
Y;0.087005332
G;0.071122348
A;0.071327023
P;0.067075634
P;0.06840909
L;0.096368432
P;0.068855599
V;0.064949056
P;0.062422916
N;0.068163645
G;0.069046766
P;0.054558277
A;0.053557903
V;0.046192537
G;0.039126649
P;0.034533525
P;0.034511656
P;0.119519562
Q;0.139261827
T;0.137058119
N;0.163151562
Y;0.158445317
Y;0.156343147
Q;0.082544088
G;0.065914586
Y;0.053376297
S;0.045058213
M;0.038837779
P;0.034192095
P;0.013400525
P;0.015276477
Q;0.017719338
Q;0.018612109
Q;0.023029131
Q;0.026687081
Q;0.047098935
Q;0.071838215
P;0.076235046
Y;0.099075004
G;0.09811846
N;0.090523009
Y;0.028897017
G;0.026123717
M;0.024634421
P;0.02233699
P;0.021474409
P;0.022472769
S;0.075982749
H;0.077319399
D;0.066292316
Q;0.063535258
G;0.059265596
Y;0.053928276
G;0.054335713
S;0.050956279
Q;0.057880173
P;0.061049022
P;0.064108706
I;0.067866594
P;0.055502504
M;0.07151176
N;0.062930614
Q;0.063033067
S;0.058530951
Y;0.053893144
G;0.025357813
R;0.035952657
Y;0.064719657
Q;0.068307832
T;0.06562109
S;0.061040213
I;0.022093147
P;0.015453711
P;0.013476938
P;0.012848623
P;0.017081666
P;0.022973761
Q;0.080554873
Q;0.081733003
Q;0.109324644
I;0.117427483
P;0.100528884
Q;0.09399646
G;0.039112449
Y;0.035271168
G;0.033002635
R;0.029802829
Y;0.030501592
Q;0.029493257
A;0.019582421
G;0.016385481
P;0.014166246
P;0.013671383
P;0.01365667
Q;0.014841457
P;0.018892825
P;0.0271779
S;0.029602021
Q;0.027887896
T;0.025881833
P;0.024032692
M;0.031730086
D;0.054653808
Q;0.097016126
Q;0.130782649
Q;0.220958805
L;0.269898365
L;0.313937873
S;0.342656687
A;0.321543356
I;0.280159064
Q;0.232923704
N;0.209738329
L;0.192455709
P;0.160880908
P;0.185678075
N;0.292486437
V;0.389297944
V;0.408974831
S;0.373196304
N;0.369893312
L;0.323228151
L;0.264723234
S;0.220288944
M;0.189031939
A;0.027112365
Q;0.024858713
Q;0.023669283
Q;0.024488457
Q;0.026995498
Q;0.028802335
Q;0.037877947
P;0.037756294
H;0.071511428
A;0.102808043
Q;0.126579827
Q;0.185890044
Q;0.787465453
L;0.785171181
V;0.729529957
G;0.655759864
L;0.588663894
I;0.514353156
Q;0.042365938
S;0.046951473
M;0.044265936
Q;0.04074458
G;0.038028324
Q;0.035407489
A;0.020828873
P;0.018990651
Q;0.020195454
Q;0.027493365
Q;0.035054737
Q;0.042103147
Q;0.169946849
Q;0.165080532
L;0.154129455
G;0.143097624
G;0.133863062
Y;0.123629749
S;0.062063545
S;0.058884636
M;0.052932829
N;0.047544807
S;0.043025064
S;0.040810396
S;0.025744975
P;0.025551245
P;0.027749817
P;0.039072044
M;0.053503644
S;0.060283487
T;0.060069174
N;0.059169874
Y;0.085462789
N;0.09883111
G;0.113289553
Q;0.121715928
N;0.096192092
I;0.07681793
S;0.060899884
A;0.050843783
K;0.043548876
P;0.04167897
S;0.041515797
A;0.040744886
P;0.037463844
P;0.037266023
M;0.03803786
S;0.03680186
H;0.021510243
Q;0.016208589
P;0.01398019
P;0.013226062
P;0.013260955
P;0.013909539
Q;0.022605062
Q;0.022605062
Q;0.022605062
Q;0.022605062
Q;0.022605062
Q;0.022605062
Q;0.022605062
Q;0.022605062
Q;0.022605062
Q;0.022605062
Q;0.022605062
Q;0.022385955
Q;0.026676029
Q;0.028897494
Q;0.030503402
Q;0.031880304
P;0.040776616
A;0.05274342
G;0.103950113
N;0.164148852
N;0.266033888
V;0.283697471
Q;0.250963759
S;0.244611323
L;0.198220491
L;0.143413588
D;0.124153604
S;0.12126527
L;0.11060425
A;0.11060425
K;0.11060425
L;0.11060425
Q;0.11060425
K;0.11060425
