Q;0.023073882
A;0.032779232
K;0.032726824
E;0.040182725
P;0.069458157
C;0.150671219
V;0.366509914
E;0.255041808
S;0.324603568
L;0.422142528
V;0.424629962
S;0.384192685
Q;0.3276999
Y;0.302434027
F;0.245245725
Q;0.221117772
T;0.202198404
V;0.183757032
T;0.021749467
D;0.023649529
Y;0.030051688
G;0.029970638
K;0.028548688
D;0.035412724
L;0.076673478
M;0.055265859
E;0.043913116
K;0.037715062
V;0.038527
K;0.035282845
S;0.041100085
P;0.03595005
E;0.039890041
L;0.044127658
Q;0.041494387
A;0.041758885
E;0.060412437
A;0.064938486
K;0.057479531
S;0.058565125
Y;0.052493089
F;0.046122089
E;0.008599758
K;0.011953369
S;0.018323888
K;0.019766755
E;0.032074076
Q;0.088446965
L;0.325930297
T;0.227495864
P;0.183788478
L;0.158760257
I;0.135657799
K;0.115845859
K;0.03859961
A;0.100240275
G;0.122478873
T;0.184080683
E;0.287487358
L;0.370034789
V;0.790067911
N;0.762515604
F;0.780276815
L;0.746286213
S;0.719778836
Y;0.67476963
F;0.293492973
V;0.214939564
E;0.156712254
L;0.131254919
G;0.113327509
T;0.099776546
Q;0.02210483
P;0.021056175
A;0.027911842
T;0.028489448
Q;0.030020589
R;0.042279452
S;0.695063949
V;0.746333867
Q;0.735613684
T;0.702245042
I;0.651235813
V;0.580095465
F;0.086465001
Q;0.072670579
P;0.061528156
Q;0.058702573
L;0.053748703
A;0.048716466
S;0.019832253
R;0.017047822
T;0.021432708
P;0.021432708
T;0.021432708
G;0.021432708
Q;0.021432708
S;0.021432708
