G;0.10672754
I;0.076958254
H;0.056531996
K;0.044503063
Q;0.037258923
K;0.032727306
E;0.012842655
K;0.015327469
S;0.020982116
R;0.029109426
L;0.088102967
Q;0.153911342
G;0.553490996
G;0.553490996
V;0.671328843
L;0.701638897
V;0.678496301
N;0.611255312
E;0.596273025
I;0.577626646
L;0.329793125
N;0.232552389
H;0.182312459
M;0.148764384
K;0.128114129
R;0.038973838
A;0.076344326
T;0.113451789
Q;0.125769228
I;0.118203664
P;0.10450156
S;0.112472653
Y;0.123688668
K;0.157170554
K;0.157170554
L;0.157170554
I;0.157170554
M;0.157170554
Y;0.157170554
