G;0.017300218
E;0.016982004
T;0.017424305
D;0.020459019
P;0.037818635
N;0.068027496
T;0.134672463
Q;0.191383615
L;0.191763878
L;0.16709397
N;0.144165182
D;0.133794278
L;0.142657012
G;0.140613496
N;0.144481609
N;0.148363702
M;0.149634403
A;0.163055465
W;0.184388816
G;0.168633506
A;0.151383152
A;0.134851635
L;0.120926315
G;0.111860181
A;0.068966836
P;0.065924689
G;0.077814082
G;0.086735889
L;0.108509111
G;0.112445474
S;0.164469689
A;0.168615967
A;0.159375866
L;0.146619499
G;0.133554298
A;0.132907296
A;0.103510976
G;0.104783192
G;0.148329536
A;0.172746718
L;0.172676182
Q;0.159938474
T;0.175426185
V;0.340649873
G;0.294056982
Q;0.284062818
G;0.276262236
L;0.258509457
I;0.183060139
D;0.133216932
H;0.203933865
G;0.194038689
P;0.245657694
V;0.295503527
N;0.485236585
V;0.596268147
P;0.650938829
I;0.684939921
P;0.642751342
V;0.621628925
L;0.283381701
I;0.218077734
G;0.164072325
P;0.136636622
S;0.125046158
W;0.11477082
N;0.055449694
G;0.070044369
S;0.077692717
G;0.078698218
S;0.08082611
G;0.080753411
Y;0.063488483
N;0.062222809
S;0.061692476
A;0.060625054
T;0.058708179
S;0.058680594
S;0.05773744
S;0.05773744
G;0.05773744
S;0.05773744
G;0.05773744
S;0.05773744
