Q;0.024293661
K;0.024611399
G;0.025145888
G;0.025858961
S;0.024561822
K;0.023089801
G;0.018957615
R;0.022024393
L;0.036592245
P;0.036035985
S;0.05096212
E;0.055127576
F;0.12766099
S;0.107620433
Q;0.093047957
F;0.082135655
P;0.072876537
H;0.06707558
G;0.026589721
Q;0.034445897
K;0.039755046
G;0.063173838
Q;0.073292512
H;0.075770368
Y;0.035394639
S;0.032084048
G;0.027488669
Q;0.023763947
K;0.021847332
G;0.021259646
K;0.016605496
Q;0.021010712
Q;0.022148937
T;0.022377364
E;0.024617928
S;0.028480063
K;0.11236614
G;0.18483004
S;0.312498391
F;0.368026912
S;0.419251561
I;0.448822727
Q;0.439118445
Y;0.35120824
T;0.305753042
Y;0.279228427
H;0.243298221
V;0.210711405
D;0.019614309
A;0.021801963
N;0.021821499
D;0.020358175
H;0.020104581
D;0.01854748
Q;0.01126951
S;0.010368779
R;0.01102367
K;0.013858005
S;0.028896606
Q;0.038157548
Q;0.08578667
Y;0.114720911
D;0.133024504
L;0.167141043
N;0.162989682
A;0.155957734
L;0.066927224
H;0.050378621
K;0.038932214
T;0.033224896
T;0.029519016
K;0.028261622
S;0.046448052
Q;0.047309235
R;0.04905803
H;0.070111006
L;0.066471136
G;0.065299253
G;0.149692386
S;0.205066398
Q;0.251645128
Q;0.266182214
L;0.248600757
L;0.215582813
H;0.028788149
N;0.020714223
K;0.016456366
Q;0.015394844
E;0.014159834
G;0.013513888
R;0.008476973
D;0.012466833
H;0.015349348
D;0.015178502
K;0.018730593
S;0.030244072
K;0.059819043
G;0.179229647
H;0.325490296
F;0.421967909
H;0.478317893
R;0.500180294
V;0.803305984
V;0.712199897
I;0.549603492
H;0.428091772
H;0.350104982
K;0.296147759
G;0.030896902
G;0.028783515
K;0.027763834
A;0.02945444
H;0.029141539
R;0.026780834
G;0.032065392
T;0.028300136
Q;0.025105884
N;0.022929981
P;0.021787149
S;0.022197147
Q;0.023675054
D;0.023254931
Q;0.026676367
G;0.029474452
N;0.030141383
S;0.030297081
P;0.052945048
S;0.064112052
G;0.065852483
K;0.063350543
G;0.097857648
I;0.117950926
S;0.083626449
S;0.083392531
Q;0.071298271
Y;0.061099276
S;0.052633458
N;0.04733485
T;0.024022162
E;0.038820386
E;0.067564487
R;0.105425872
L;0.239998275
W;0.293861394
V;0.352660656
H;0.220763981
G;0.15764908
L;0.125118189
S;0.103917336
K;0.091839373
E;0.063236147
Q;0.084678516
T;0.099916905
S;0.105606072
V;0.103228486
S;0.092970808
G;0.023839921
A;0.019751355
Q;0.01609238
K;0.014183007
G;0.0139382
R;0.013574948
K;0.022437602
Q;0.031059921
G;0.035460631
G;0.044567347
S;0.074079537
Q;0.131818493
S;0.445621878
S;0.444972306
Y;0.378535757
V;0.312024385
L;0.262100357
Q;0.232444391
T;0.113706708
E;0.127654597
E;0.146121522
L;0.148219138
V;0.128421986
A;0.109627371
N;0.009473145
K;0.009295106
Q;0.010335833
Q;0.010378309
R;0.010249561
E;0.012184386
T;0.025745273
K;0.027466267
N;0.03924639
S;0.042976953
H;0.04515
Q;0.046833868
N;0.051752597
K;0.052948162
G;0.141022791
H;0.275448717
Y;0.281537849
Q;0.327112292
N;0.37193495
V;0.283377171
V;0.201795985
E;0.155964822
V;0.129323143
R;0.10996744
E;0.029125571
E;0.052560553
H;0.069805036
S;0.068012521
S;0.065654486
K;0.069633782
V;0.308322906
Q;0.211940959
T;0.186800996
S;0.183786549
L;0.173114568
C;0.152433529
P;0.028095782
A;0.043102935
H;0.041180203
Q;0.037265949
D;0.036109757
K;0.038453331
L;0.101523399
Q;0.069059089
H;0.070982585
G;0.073102422
S;0.075264841
K;0.077366511
D;0.166211963
I;0.152406856
F;0.110781252
S;0.090934679
T;0.082792187
Q;0.09661752
D;0.462799013
E;0.592896432
L;0.642568767
L;0.558620661
V;0.462414569
Y;0.389802997
N;0.023852229
K;0.026478603
N;0.03762123
Q;0.040818058
H;0.050375628
Q;0.048878605
T;0.034371078
K;0.029881239
N;0.032226016
L;0.030698925
N;0.028927577
Q;0.028494447
D;0.023160696
Q;0.026240543
Q;0.026978105
H;0.026360199
G;0.023704463
R;0.023082639
K;0.045320243
A;0.112632096
N;0.1171498
K;0.112835914
I;0.127194107
S;0.114857256
Y;0.048830479
Q;0.044115201
S;0.040715178
S;0.035540298
S;0.03054027
T;0.02714934
E;0.010135353
E;0.014942288
R;0.019723018
R;0.031548537
L;0.065716696
H;0.068812375
Y;0.073171765
G;0.066893816
E;0.063769768
N;0.060527071
G;0.06437816
V;0.064134166
Q;0.025418431
K;0.0267151
D;0.035664519
V;0.089260727
S;0.127096587
Q;0.157297676
S;0.286821693
S;0.274552926
I;0.227755914
Y;0.17770467
S;0.14666062
Q;0.125425264
T;0.014987975
E;0.015104681
E;0.016061316
K;0.017398559
A;0.019460011
Q;0.019607122
G;0.015877932
K;0.022074223
S;0.037355115
Q;0.077771232
K;0.100161713
Q;0.14587907
I;0.245820701
T;0.14855586
I;0.111504803
P;0.087395139
S;0.074679053
Q;0.066207811
E;0.023858696
Q;0.028270304
E;0.031228771
H;0.036243133
S;0.034451324
Q;0.036159982
K;0.045320302
A;0.112632126
N;0.11714982
K;0.112835929
I;0.127194118
S;0.114857266
Y;0.048830479
Q;0.044115201
S;0.040715178
S;0.035540298
S;0.03054027
T;0.02714934
E;0.010135353
E;0.014942288
R;0.019723018
R;0.031548537
L;0.065716696
H;0.068812375
Y;0.073171765
G;0.066893816
E;0.063769768
N;0.060527071
G;0.06437816
V;0.064134166
Q;0.025418431
K;0.022323668
D;0.024912397
V;0.043448165
S;0.052829003
Q;0.05866466
R;0.075314224
S;0.168799192
I;0.157253414
Y;0.125692762
S;0.108377272
Q;0.101740961
T;0.082290947
E;0.085486472
K;0.094851394
L;0.112133414
V;0.101414531
A;0.094364464
G;0.048291087
K;0.0556283
S;0.082000554
Q;0.091289751
I;0.087338394
Q;0.076779629
A;0.0176377
P;0.014277533
N;0.013157258
P;0.012971312
K;0.01448583
Q;0.019736464
E;0.040059924
P;0.049992725
W;0.064535052
H;0.062106408
G;0.056054801
E;0.050292189
N;0.025784314
A;0.025184542
K;0.022824844
G;0.024904549
E;0.026862341
S;0.030648569
G;0.031628042
Q;0.025874674
S;0.022389561
T;0.019066311
N;0.017724848
R;0.017880609
E;0.058893919
Q;0.095817745
D;0.102698714
L;0.114947841
L;0.104835647
S;0.093386685
H;0.020667702
E;0.016717732
Q;0.015654931
K;0.01581236
G;0.019249672
R;0.022062535
H;0.162272632
Q;0.132343203
H;0.12999329
G;0.132203393
S;0.129050279
H;0.155850525
G;0.155850525
G;0.155850525
L;0.155850525
D;0.155850525
I;0.155850525
