R;0.130508989
S;0.423548445
F;0.486485432
F;0.429409586
S;0.37498349
F;0.349860763
L;0.084403813
G;0.065151408
E;0.058431576
A;0.053216778
F;0.046173352
D;0.041422665
G;0.028491944
A;0.02292116
R;0.020196587
D;0.027698331
M;0.034493208
W;0.033667579
R;0.027065068
A;0.031827718
Y;0.026987205
S;0.02433078
D;0.022119075
M;0.022784313
R;0.05760777
E;0.145895839
A;0.205995878
N;0.196324609
Y;0.173708123
I;0.159062614
G;0.051899284
S;0.056501806
D;0.060708255
K;0.061118692
Y;0.067733389
F;0.065524697
H;0.062959611
A;0.043799683
R;0.036464781
G;0.041274041
N;0.041497535
Y;0.037994519
D;0.017461777
A;0.017006576
A;0.015602817
K;0.014532171
R;0.017851692
G;0.034752647
P;0.174527168
G;0.247083843
G;0.248496771
V;0.242947936
W;0.234912777
A;0.220928187
A;0.090686172
E;0.085094586
A;0.07709375
I;0.065341257
S;0.054924017
D;0.049653163
A;0.030461192
R;0.024756342
E;0.046201656
N;0.103314646
I;0.124241161
Q;0.115831623
R;0.070233405
F;0.14849776
F;0.13249136
G;0.11133492
H;0.097234786
G;0.087206185
A;0.041237473
E;0.034905076
D;0.034549961
S;0.040256061
L;0.043078685
A;0.04228888
D;0.028923392
Q;0.050856262
A;0.060398628
A;0.055503838
N;0.050430834
E;0.04637065
W;0.026329309
G;0.019687995
R;0.015949448
S;0.01579655
G;0.015485156
K;0.016630044
D;0.033647329
P;0.036536589
N;0.043391049
H;0.042924382
F;0.040716642
R;0.037644361
P;0.040645331
A;0.042369038
G;0.043853194
L;0.043853194
P;0.043853194
E;0.043853194
K;0.043853194
Y;0.043853194
