G;0.002049148
L;0.002969161
S;0.008358796
D;0.012050353
G;0.026807559
E;0.069067985
W;0.43662253
Q;0.616828755
Q;0.691811214
V;0.714774437
L;0.612634736
N;0.540186132
V;0.051000506
W;0.04466486
G;0.057393521
K;0.07711596
V;0.091664433
E;0.078823487
A;0.047441244
D;0.03109622
I;0.027360559
A;0.022857703
G;0.027221406
H;0.042602266
G;0.45924145
Q;0.354188219
E;0.417682658
V;0.547639675
L;0.515903151
I;0.434439739
R;0.074634671
L;0.068308845
F;0.048318704
T;0.045294166
G;0.042615414
H;0.038235808
P;0.009985745
E;0.028416738
T;0.028422515
L;0.025351904
E;0.032583565
K;0.031035081
F;0.137111932
D;0.12510249
K;0.106508593
F;0.125997886
K;0.107727534
H;0.095333775
L;0.00814575
K;0.026382715
T;0.028426896
E;0.033445612
A;0.037016058
E;0.032902891
M;0.009736419
K;0.013370603
A;0.013435622
S;0.012938395
E;0.021758068
D;0.021128878
L;0.073254883
K;0.121712252
K;0.136960059
H;0.182174213
G;0.292942411
T;0.383204684
V;0.947084367
V;0.772008866
L;0.54551819
T;0.46288199
A;0.436319691
L;0.426636368
G;0.159227759
G;0.111613229
I;0.088524242
L;0.087943107
K;0.113090765
K;0.105661432
K;0.079022467
G;0.056427747
H;0.081393798
H;0.07128416
E;0.059191817
A;0.052285547
E;0.015364677
L;0.01077123
K;0.012678554
P;0.021115333
L;0.031857526
A;0.05232885
Q;0.066896498
S;0.133575559
H;0.117011031
A;0.122345448
T;0.115033215
K;0.117122347
H;0.063724637
K;0.061832801
I;0.049936642
P;0.039694019
I;0.057926619
K;0.07297566
Y;0.427893788
L;0.280922711
E;0.218876878
F;0.208194084
I;0.200137317
S;0.206727246
D;0.486921668
A;0.59447515
I;0.594698747
I;0.586396113
H;0.521613836
V;0.471659392
L;0.061750263
H;0.058606654
S;0.044867873
K;0.039513186
H;0.033408666
P;0.028807829
G;0.009053916
D;0.009360284
F;0.00979357
G;0.008773126
A;0.008538806
D;0.009100571
A;0.265582085
Q;0.165787235
G;0.143498441
A;0.125925519
M;0.104607111
T;0.094710474
K;0.198715925
A;0.140430138
L;0.118046284
E;0.093254186
L;0.077007204
F;0.065591663
R;0.007080495
N;0.009278104
D;0.021368076
I;0.021674812
A;0.018451148
A;0.018292526
K;0.014956266
Y;0.042405471
K;0.035870532
E;0.033136569
L;0.033136569
G;0.033136569
F;0.033136569
Q;0.033136569
G;0.033136569
