M;0.048192054
S;0.085345209
E;0.151488105
P;0.248279378
F;0.32699585
G;0.353011494
I;0.667726755
V;0.487086937
A;0.420594881
G;0.39603617
A;0.381940073
L;0.398199533
N;0.571875989
V;0.580184907
A;0.476447006
G;0.43390736
L;0.461674619
F;0.4228911
N;0.228047192
N;0.342198431
C;0.343157798
V;0.354971327
D;0.352369595
C;0.368849903
F;0.418984503
E;0.328517556
Y;0.277014911
V;0.226435073
Q;0.189816314
L;0.164693485
G;0.017714471
R;0.01371929
P;0.017368327
F;0.017913491
G;0.016218191
R;0.015086204
D;0.016032517
Y;0.023238838
E;0.022413472
R;0.02688846
C;0.037477058
Q;0.048732291
L;0.106998801
R;0.078035176
L;0.101277848
D;0.086532369
I;0.083456922
A;0.074113275
K;0.015194327
A;0.021248385
R;0.021891922
L;0.026005343
S;0.026442581
R;0.029402375
W;0.111607999
G;0.147138447
E;0.162756642
A;0.165445283
V;0.145764226
K;0.124701733
I;0.018214494
N;0.015220717
D;0.01445357
D;0.015736431
P;0.016747063
R;0.018839265
F;0.056996018
H;0.051142469
S;0.041333139
D;0.035159811
A;0.03193177
P;0.030745819
T;0.027975053
D;0.037884519
K;0.065824399
S;0.117813148
V;0.130784655
Q;0.134939909
L;0.301585764
A;0.230574131
K;0.189909697
S;0.289094418
I;0.383619285
V;0.429208666
E;0.626969278
E;0.733317226
I;0.771131357
L;0.727092877
L;0.635830843
L;0.54455479
F;0.035981655
E;0.032663345
S;0.03397722
A;0.032246709
Q;0.02848103
K;0.026315848
T;0.016343385
S;0.01836358
K;0.022813112
R;0.037965246
Y;0.064902139
E;0.070266753
L;0.097429037
V;0.065002874
A;0.051686178
D;0.05174011
Q;0.098678195
Q;0.196029335
D;0.674694598
L;0.665851027
V;0.522029787
V;0.399119407
F;0.32231276
E;0.270281752
D;0.009398937
K;0.015650958
D;0.02333049
M;0.026495047
K;0.027399647
P;0.035697987
I;0.121107548
G;0.077206835
R;0.057915221
A;0.057543918
L;0.053205478
H;0.046893751
R;0.013051569
R;0.040058792
L;0.106006652
N;0.100082554
D;0.087848842
L;0.078551824
V;0.014962018
S;0.010421425
R;0.00873063
R;0.009135999
Q;0.014089727
K;0.01912564
Q;0.089480728
T;0.076295733
S;0.067808509
L;0.060311779
A;0.054223967
K;0.050147951
K;0.10280022
T;0.298079237
A;0.312039346
W;0.283209786
A;0.242794806
L;0.20869936
Y;0.030304074
D;0.027213246
G;0.028189749
K;0.034259647
S;0.080486
L;0.093174467
E;0.060907423
K;0.131735846
I;0.246102055
V;0.209851719
D;0.182627642
Q;0.196991215
V;0.165065318
A;0.10175769
R;0.083239019
F;0.088465422
V;0.079966158
D;0.070306286
E;0.046379566
L;0.045502588
E;0.051830341
K;0.058936872
A;0.085671097
F;0.12044398
P;0.289413869
I;0.402833998
E;0.339766035
A;0.382903598
V;0.401073468
C;0.357309113
H;0.20515272
K;0.141139254
L;0.24730432
A;0.239979565
E;0.217441618
I;0.237981851
E;0.081016839
I;0.073099822
E;0.055025707
E;0.047659814
V;0.044336164
E;0.041168203
D;0.0452784
E;0.132924765
A;0.300307254
S;0.376429871
L;0.360423994
T;0.319770525
I;0.08825314
L;0.060090244
K;0.048608204
D;0.060859598
A;0.074613154
A;0.082801486
G;0.117675751
G;0.144919053
I;0.143654376
D;0.117538609
A;0.105501229
A;0.096460218
M;0.049297243
S;0.045277894
D;0.042255958
A;0.062324546
A;0.063138151
A;0.061867495
Q;0.125140429
K;0.211189404
I;0.34521543
D;0.302915089
A;0.287007374
I;0.259275069
V;0.04357478
G;0.032212421
R;0.025761724
N;0.03256093
S;0.032849425
A;0.032134707
K;0.016660005
D;0.017881051
I;0.01681153
R;0.014431059
T;0.013447386
E;0.013466592
E;0.0141128
R;0.020578921
A;0.040236175
R;0.048443764
V;0.139251149
Q;0.196754888
L;0.537394106
G;0.470453471
N;0.469215353
V;0.461164065
V;0.43144744
T;0.389034053
A;0.214485884
A;0.205451682
A;0.28183799
L;0.277409218
H;0.294246727
G;0.276681771
G;0.109842598
I;0.085029647
R;0.065304935
I;0.065360546
S;0.058638883
D;0.05386511
Q;0.089341521
T;0.081621036
T;0.08405303
N;0.117588654
S;0.186610085
V;0.230523407
E;0.187827498
T;0.199105099
V;0.173376918
V;0.140570939
G;0.115485942
K;0.099710703
G;0.051832825
E;0.104611516
S;0.167003642
R;0.201438367
V;0.279964089
L;0.300094098
I;0.173309922
G;0.114866152
N;0.091693322
E;0.077684797
Y;0.07378664
G;0.074277098
G;0.051762253
K;0.04806605
G;0.04806605
F;0.04806605
W;0.04806605
D;0.04806605
N;0.04806605
