G;0.210088253
S;0.207678542
I;0.222703834
G;0.184975579
A;0.173526567
A;0.171783447
S;0.304169893
M;0.247898445
E;0.271505227
F;0.380486764
C;0.391571528
F;0.346965437
D;0.114615887
V;0.118498921
F;0.099544575
K;0.086230069
E;0.095884949
L;0.122560407
K;0.185924232
V;0.272514194
H;0.233181506
H;0.228537686
A;0.23462711
N;0.29195342
E;0.725092053
N;0.745349288
I;0.768808345
F;0.70691213
Y;0.698111391
C;0.707046946
P;0.578653514
I;0.628954202
A;0.573786855
I;0.533052325
M;0.475183225
S;0.473140751
A;0.712808371
L;0.754216641
A;0.715167205
M;0.678018183
V;0.616205716
Y;0.522361611
L;0.034758389
G;0.029534504
A;0.024468333
K;0.021411575
D;0.020288014
S;0.024134492
T;0.039708167
R;0.03875646
T;0.105304917
Q;0.202690847
I;0.215782171
N;0.206230491
K;0.081086367
V;0.095544279
V;0.078240931
R;0.062231749
F;0.055438507
D;0.051925148
K;0.052887082
L;0.060514137
P;0.05296737
G;0.068094723
F;0.070475751
G;0.069747388
D;0.05938971
S;0.111174986
I;0.121001571
E;0.106404319
A;0.10388093
Q;0.115252351
C;0.191960335
G;0.223944485
T;0.270067503
S;0.319120601
V;0.344312018
N;0.350858132
V;0.236606151
H;0.144858569
S;0.117102762
S;0.114250094
L;0.110797918
R;0.099693472
D;0.511767864
I;0.616898149
L;0.499699861
N;0.397319041
Q;0.32930063
I;0.27926747
T;0.021728039
K;0.028282806
P;0.046172837
N;0.106150031
D;0.137916934
V;0.221191128
Y;0.276333272
S;0.248106435
F;0.197807739
S;0.171655454
L;0.165724832
A;0.152409881
S;0.049978018
R;0.039138049
L;0.037626515
Y;0.034332834
A;0.030679303
E;0.029685458
E;0.059568703
R;0.066182733
Y;0.096688122
P;0.126926839
I;0.200718242
L;0.186469649
P;0.092202365
E;0.213471353
Y;0.287542194
L;0.26887878
Q;0.251026726
C;0.258920322
V;0.079353333
K;0.052932829
E;0.048325141
L;0.052894264
Y;0.047914612
R;0.043542286
G;0.124272645
G;0.129338935
L;0.177349101
E;0.166932531
P;0.179263794
I;0.203051542
N;0.11520049
F;0.085908249
Q;0.068330795
T;0.060468338
A;0.053420746
A;0.047043502
D;0.017988086
Q;0.040502727
A;0.052183996
R;0.055312708
E;0.122887444
L;0.232715309
I;0.526305377
N;0.355130568
S;0.280261318
W;0.235948078
V;0.201685327
E;0.173666035
S;0.127267122
Q;0.249897689
T;0.263125847
N;0.271083005
G;0.308410543
I;0.364837334
I;0.200502932
R;0.126743302
N;0.142222752
V;0.137216069
L;0.12844336
Q;0.114517048
P;0.048939198
S;0.053780526
S;0.055667708
V;0.056837864
D;0.055142498
S;0.077277198
Q;0.344788074
T;0.504681706
A;0.585009515
M;0.621976495
V;0.657101417
L;0.678871065
V;0.802951932
N;0.785288155
A;0.74282368
I;0.727708668
V;0.655721653
F;0.561651886
K;0.04731515
G;0.068900466
L;0.086063206
W;0.075309977
E;0.064095032
K;0.056055451
A;0.01474148
F;0.012643531
K;0.010856956
D;0.011625186
E;0.015204906
D;0.018542325
T;0.098590076
Q;0.077218235
A;0.082559397
M;0.079279713
P;0.07126593
F;0.065231527
R;0.019684583
V;0.029793233
T;0.025791754
E;0.022680789
Q;0.023849016
E;0.024143909
S;0.051370353
K;0.064475745
P;0.160288284
V;0.21708595
Q;0.247768217
M;0.259243896
M;0.483449221
Y;0.599217981
Q;0.543824732
I;0.556111366
G;0.488349479
L;0.433131138
F;0.105696708
R;0.090335876
V;0.129228393
A;0.112600394
S;0.09906956
M;0.090205957
A;0.031985998
S;0.038378403
E;0.045195033
K;0.049947418
M;0.090518504
K;0.102567703
I;0.587395132
L;0.394471139
E;0.294326564
L;0.250775866
P;0.213987297
F;0.200563068
A;0.084882796
S;0.097126231
G;0.119745572
T;0.171680547
M;0.263665706
S;0.351989672
M;0.772306442
L;0.655011624
V;0.486723463
L;0.386320353
L;0.317277718
P;0.269717043
D;0.079657406
E;0.0981085
V;0.111905257
S;0.111438975
G;0.104676777
L;0.097926602
E;0.104735643
Q;0.309548035
L;0.406273117
E;0.484236158
S;0.543755704
I;0.560725316
I;0.272235036
N;0.172067523
F;0.126316448
E;0.102945916
K;0.092902422
L;0.094578897
T;0.051454037
E;0.049518332
W;0.077977518
T;0.101438731
S;0.114195043
S;0.113602221
N;0.044435561
V;0.035254166
M;0.030225585
E;0.026337169
E;0.026751399
R;0.032055855
K;0.362739682
I;0.45329392
K;0.329722285
V;0.294080302
Y;0.241822082
L;0.206379329
P;0.013013065
R;0.012018606
M;0.013924321
K;0.014962472
M;0.016986632
E;0.019282639
E;0.047208875
K;0.055029079
Y;0.125951608
N;0.202022634
L;0.283247334
T;0.310460071
S;0.651482463
V;0.578049302
L;0.526002526
M;0.461248092
A;0.401617247
M;0.375153457
G;0.414747834
I;0.398709983
T;0.309037805
D;0.264805645
V;0.254442811
F;0.224902267
S;0.111297965
S;0.115261957
S;0.116462727
A;0.159290671
N;0.182982504
L;0.193878442
S;0.177047968
G;0.150108054
I;0.133169015
S;0.117168486
S;0.105950314
A;0.111090899
E;0.112369537
S;0.124070793
L;0.12238423
K;0.128976084
I;0.187775064
S;0.196277628
Q;0.303066194
A;0.349783242
V;0.381042937
H;0.329367138
A;0.313464695
A;0.307287062
H;0.202718645
A;0.1519517
E;0.126462191
I;0.108685061
N;0.09069888
E;0.080191746
A;0.065919489
G;0.065139756
R;0.065164735
E;0.107023992
V;0.133865446
V;0.128659502
G;0.052038014
S;0.0745814
A;0.07231306
E;0.070533015
A;0.077970082
G;0.079184125
V;0.172844857
D;0.129148155
A;0.126492798
A;0.113689192
S;0.116036355
V;0.10650744
S;0.026902586
E;0.021057978
E;0.020131042
F;0.019468911
R;0.020031291
A;0.040357992
D;0.362092435
H;0.565387994
P;0.645908336
F;0.688948318
L;0.697307885
F;0.707892627
C;0.649445534
I;0.552053779
K;0.429814974
H;0.428522944
I;0.417683405
A;0.395169194
T;0.571907341
N;0.691813678
A;0.728904188
V;0.702197641
L;0.607173908
F;0.536131769
F;0.09686169
G;0.076094627
R;0.076094627
C;0.076094627
V;0.076094627
S;0.076094627
P;0.076094627
