M;0.029979497
S;0.03092432
Q;0.039903392
S;0.042421065
P;0.041507596
Q;0.044555197
T;0.172898024
V;0.188189536
D;0.199441155
Q;0.248242125
A;0.266242784
I;0.246626804
S;0.075058371
V;0.056997642
K;0.042149574
T;0.035959184
D;0.031395841
Y;0.028508231
E;0.011765301
D;0.015779316
N;0.046916227
Q;0.062539823
Q;0.074546868
E;0.084441731
H;0.41642952
I;0.277843386
P;0.232699871
S;0.310142636
N;0.310639048
F;0.275076305
E;0.100560516
I;0.099522665
F;0.076213171
R;0.065674499
R;0.09879272
I;0.166819841
N;0.171271145
A;0.145496935
L;0.149054339
L;0.126696758
D;0.110136575
N;0.10574992
S;0.076762497
L;0.109047875
E;0.101167182
A;0.128847986
N;0.14508369
N;0.1514671
V;0.164365709
S;0.111961111
C;0.092746715
S;0.077824518
Q;0.067926836
S;0.06139938
Q;0.02511251
S;0.025390685
Q;0.024462144
Q;0.025658943
Q;0.026222849
Q;0.026384721
Q;0.025701046
Q;0.024973556
T;0.024323454
Q;0.02389387
Q;0.023636109
Q;0.023464267
Q;0.022605062
Q;0.022605062
Q;0.022605062
Q;0.022605062
Q;0.022605062
Q;0.022605062
Q;0.030783355
Q;0.05860436
Q;0.074786842
Q;0.085855678
Q;0.137502593
H;0.172955503
L;0.14346242
Q;0.107234985
Q;0.093059063
V;0.105819792
Q;0.113473988
Q;0.122109249
Q;0.119330972
Q;0.097054169
L;0.078871816
L;0.064272009
K;0.054102111
Q;0.050106679
Q;0.030292213
Q;0.030083105
Q;0.029752284
Q;0.029343463
A;0.042283475
Q;0.050882811
Q;0.100343138
Q;0.098125547
Q;0.136382639
I;0.217276171
Q;0.206522703
Q;0.198342899
Q;0.12896058
L;0.110153347
L;0.085821042
Q;0.070167214
Q;0.060041767
Q;0.052815358
Q;0.026727855
Q;0.026349217
K;0.026098579
Q;0.032595843
Q;0.035129976
L;0.035467719
Q;0.022605062
Q;0.021712914
Q;0.021025767
Q;0.02479209
Q;0.027157682
Q;0.028512259
E;0.032846332
Q;0.03905642
L;0.058795194
Q;0.057752468
Q;0.075705528
Q;0.088764553
Q;0.137034535
L;0.120942071
Q;0.12079367
L;0.117836751
Q;0.105380863
Q;0.096498658
Q;0.120496869
L;0.114731431
Q;0.105308751
Q;0.166969031
Q;0.216209757
L;0.247269164
Q;0.144822896
H;0.111652642
I;0.08354795
Q;0.06587141
K;0.05574894
E;0.051942905
P;0.096562743
S;0.148457289
S;0.148589899
H;0.13862101
T;0.118107301
Y;0.103072618
T;0.020867229
P;0.018353119
G;0.022036244
P;0.022688352
S;0.025184631
P;0.032936156
E;0.251987517
L;0.359450504
Q;0.437297453
S;0.490039684
V;0.50875656
L;0.49489895
N;0.176727295
Y;0.213478357
A;0.211212814
N;0.196546257
V;0.175956726
P;0.153074036
L;0.052750975
S;0.056690708
K;0.058571299
S;0.102186926
A;0.128519422
A;0.139689699
F;0.133345217
N;0.10750334
C;0.095035404
N;0.092343435
N;0.091250044
S;0.108943895
S;0.204341501
S;0.175088674
Y;0.1557751
S;0.13478069
V;0.131247461
G;0.117018963
P;0.043057531
T;0.045411214
P;0.066649914
V;0.098188542
Q;0.091301274
S;0.086599881
P;0.042759627
V;0.049263179
T;0.04353109
P;0.041156538
S;0.04389686
P;0.05392169
A;0.198004276
A;0.28497602
S;0.327241818
A;0.336507618
V;0.314198977
T;0.274020076
V;0.139357209
N;0.098282576
S;0.084200839
P;0.089518875
S;0.098707771
Y;0.117930055
G;0.42659682
N;0.446193874
F;0.387202322
Q;0.325576782
L;0.283273655
F;0.253604571
G;0.048310548
E;0.045425624
N;0.05147472
A;0.052769579
F;0.04916417
D;0.048283438
S;0.056744248
T;0.051424235
T;0.044528306
P;0.040594943
F;0.040133739
Q;0.038712993
S;0.029972821
D;0.029334992
G;0.035636693
T;0.039336517
S;0.039622647
Q;0.038987721
S;0.05752188
H;0.060747698
S;0.053648204
R;0.04689952
S;0.049950123
L;0.047165165
A;0.017481893
N;0.018726721
D;0.024340192
S;0.05257187
D;0.092601991
P;0.14460808
M;0.399051994
V;0.331959322
V;0.239172677
M;0.183610022
S;0.149474359
P;0.128000478
G;0.061254025
R;0.061326668
D;0.20236822
S;0.322400257
I;0.351386112
I;0.31464382
P;0.033390045
L;0.034002721
S;0.036923399
P;0.042945787
T;0.075649184
E;0.094727576
K;0.2833125
I;0.535290986
L;0.549044967
Y;0.557391107
Q;0.548202252
N;0.523759171
F;0.176269978
L;0.129561886
L;0.097718169
S;0.079754397
K;0.067742068
Q;0.062096124
A;0.03929168
Q;0.039168179
G;0.048078706
E;0.049752764
N;0.052233034
T;0.051569069
A;0.034705967
L;0.027779743
P;0.023836484
P;0.022385888
S;0.029614252
P;0.044425433
P;0.164847761
H;0.306942031
E;0.265219102
I;0.239446603
M;0.208886105
P;0.183397979
L;0.064224273
S;0.046221003
P;0.040187726
L;0.042872638
E;0.039774984
K;0.038750619
K;0.13028729
L;0.327320874
Y;0.305153986
S;0.279657051
N;0.258712548
L;0.2378553
L;0.051650077
S;0.044917703
K;0.046905369
H;0.051190972
T;0.048231387
Q;0.051840762
G;0.071197391
M;0.066257387
R;0.064189583
A;0.091321766
I;0.092092907
N;0.086857006
S;0.052357137
T;0.053259835
S;0.050760726
P;0.055881649
L;0.067659944
Q;0.064291591
T;0.035764515
P;0.028330207
L;0.025518129
T;0.021621116
P;0.018811089
P;0.016935671
R;0.017261475
S;0.053511336
P;0.110806594
Q;0.197831452
E;0.239315557
V;0.30840534
L;0.16425854
Y;0.117952198
A;0.100923498
S;0.087604955
M;0.087329072
P;0.087878456
A;0.114256322
A;0.101841241
Q;0.090494434
V;0.083729282
G;0.079472196
E;0.098188127
S;0.282340705
S;0.369625375
S;0.445237786
V;0.440371551
I;0.366438591
D;0.311242675
M;0.029260129
M;0.029932693
S;0.028458973
R;0.027218953
M;0.028981501
D;0.028757175
L;0.028296053
S;0.022329047
G;0.020498902
R;0.018499151
N;0.025228322
Q;0.02871411
Q;0.0469383
A;0.049473837
D;0.056899408
Y;0.075921953
S;0.109813732
G;0.167853415
T;0.334926128
L;0.325131863
A;0.272604297
F;0.235866316
L;0.225515872
D;0.232942089
A;0.351275384
H;0.254541785
N;0.179919223
V;0.139811896
L;0.113129634
R;0.094980091
R;0.007270455
R;0.010984495
T;0.014914831
P;0.016468883
S;0.01691224
S;0.016478995
S;0.01987344
R;0.022469237
S;0.03091976
R;0.030143537
S;0.034373617
V;0.035239115
M;0.015449643
E;0.014378339
R;0.015551478
S;0.027802236
A;0.047807026
P;0.064207916
S;0.246690303
S;0.318512887
Y;0.272254378
F;0.223704875
A;0.196382231
N;0.176269725
L;0.180130124
D;0.126546964
P;0.104391625
Y;0.093728267
A;0.084562027
I;0.074382126
D;0.015584767
R;0.019747376
A;0.025877366
A;0.026178241
R;0.025667304
L;0.03210857
H;0.045023113
R;0.050016642
N;0.098100603
A;0.11096631
A;0.116314787
A;0.114328727
V;0.120530903
G;0.093658999
E;0.100192656
A;0.123803452
S;0.133625722
C;0.139755989
T;0.18582809
W;0.175619036
S;0.149707705
G;0.12408492
H;0.105955416
L;0.091346378
P;0.010413945
P;0.012062833
R;0.013377796
N;0.034022808
H;0.069061553
E;0.074830761
N;0.124445736
P;0.101782799
V;0.124017338
Y;0.117675982
S;0.129407418
P;0.136780828
K;0.243930519
V;0.479526252
F;0.406184614
L;0.367996693
G;0.315744489
G;0.308109437
V;0.282613754
P;0.179079905
W;0.148136
D;0.124736942
I;0.1271671
T;0.113583644
E;0.059257954
S;0.089916632
G;0.136885315
L;0.159909278
Q;0.150338775
A;0.153371523
A;0.10347116
F;0.088612318
S;0.090351303
K;0.087295704
Y;0.15172112
G;0.170590957
H;0.432715118
L;0.28063947
K;0.206005355
I;0.176633149
E;0.145196253
W;0.124501745
P;0.02134347
G;0.035015583
K;0.04304561
D;0.117126666
G;0.251879567
Y;0.350773856
V;0.82535851
H;0.816754431
L;0.684046417
L;0.546729907
F;0.445672375
D;0.380234942
V;0.049626261
E;0.036134079
K;0.037968596
S;0.069067493
V;0.080699289
R;0.077477793
S;0.337740123
L;0.329737812
L;0.290662984
Q;0.241209686
A;0.230250221
C;0.217448125
T;0.089420974
H;0.092432141
D;0.072499543
F;0.073544092
S;0.080906785
N;0.10630095
G;0.17953673
D;0.277272984
Y;0.306192944
F;0.271854058
Y;0.226305425
K;0.192438632
I;0.037943095
S;0.024728164
S;0.01916642
R;0.015742652
R;0.013941664
M;0.014904603
R;0.01495266
S;0.043923557
K;0.107198497
E;0.211400822
V;0.328835642
Q;0.406275362
V;0.82108891
I;0.799181581
P;0.621102144
W;0.532459714
V;0.454163361
L;0.387434219
A;0.083476067
D;0.156356186
S;0.266633093
N;0.308632299
H;0.313805252
V;0.277885973
F;0.020845383
Q;0.021847054
P;0.020900945
S;0.021720715
Q;0.021435219
R;0.020871371
L;0.038633049
E;0.041846722
S;0.071695815
N;0.125936545
K;0.160446995
T;0.238785739
V;0.768812418
F;0.648415327
V;0.550306757
G;0.47875841
A;0.50983392
L;0.531069507
H;0.470522195
G;0.32783629
M;0.273292015
I;0.259461045
T;0.22306391
A;0.194417343
E;0.091159582
A;0.146904841
L;0.143538972
G;0.119353198
R;0.107675868
I;0.151077628
M;0.130704194
S;0.130393729
D;0.173313498
L;0.302965298
F;0.390961385
G;0.439684977
N;0.684988379
V;0.732716769
V;0.630217741
Y;0.509021863
A;0.421374679
G;0.358380929
I;0.032524943
D;0.023324788
T;0.024126242
D;0.023098938
K;0.031516981
H;0.051549087
K;0.060787559
Y;0.087445557
P;0.077231308
I;0.087944239
G;0.082118744
S;0.084049384
G;0.083805919
R;0.078955427
V;0.092676113
T;0.077616192
F;0.066548818
S;0.059242904
S;0.025529772
R;0.022294566
K;0.028493573
S;0.056964062
Y;0.061223423
M;0.063016072
K;0.078671157
A;0.219783679
V;0.359805991
Q;0.33906021
A;0.399159497
A;0.424302583
F;0.355729729
V;0.239276975
E;0.170692126
I;0.140547007
K;0.117037106
T;0.102650747
P;0.021283299
K;0.025171012
F;0.027143776
T;0.030200183
K;0.030143857
K;0.032115072
L;0.171660244
Q;0.17080979
V;0.166752229
D;0.134663306
P;0.119355041
Y;0.131077399
L;0.235588789
G;0.200101927
D;0.250131716
A;0.364363633
I;0.430648357
C;0.408140297
S;0.215192527
L;0.192365199
C;0.162433247
N;0.139857203
S;0.145588511
H;0.185958068
Q;0.309915304
G;0.249285981
N;0.193482031
Y;0.163402416
F;0.147733277
C;0.136772414
R;0.119397849
D;0.277603149
L;0.439622879
L;0.495517641
C;0.488599235
F;0.425965687
K;0.046299338
Y;0.077177987
L;0.094015996
C;0.111235417
R;0.129101586
S;0.210018098
C;0.586044788
W;0.447679341
Y;0.340281685
W;0.269304588
Q;0.222774649
H;0.194306105
A;0.021325946
P;0.017401099
D;0.01784725
S;0.018074811
M;0.016871303
R;0.016530146
Q;0.039315641
H;0.03289713
R;0.026454906
P;0.027049989
L;0.027150536
T;0.025195206
R;0.013673306
N;0.027764902
T;0.032105058
K;0.042800426
S;0.042800426
S;0.042800426
L;0.042800426
S;0.042800426
L;0.042800426
