R;0.021238327
T;0.029837802
A;0.030880978
Q;0.028634973
L;0.025597286
R;0.022580355
K;0.015692085
A;0.022068366
N;0.020845791
D;0.021467447
Q;0.022953182
S;0.026972224
G;0.047946006
R;0.071882501
C;0.147132874
Q;0.192381039
Y;0.216198075
T;0.219666551
F;0.173422128
S;0.141424954
V;0.115225603
A;0.093539953
S;0.079796916
P;0.071880346
N;0.040963858
E;0.037124485
S;0.037708869
S;0.036783919
C;0.034462869
P;0.032066365
E;0.042579681
Q;0.055682242
S;0.092610389
Q;0.179138295
A;0.260134417
M;0.324913308
S;0.793810248
V;0.795629591
I;0.628836304
H;0.483475752
N;0.390901673
L;0.32840545
Q;0.012586325
R;0.01224494
D;0.014883449
S;0.021228038
S;0.021975976
T;0.02335539
Q;0.02344054
R;0.02455762
L;0.041905006
D;0.041094303
L;0.043043184
E;0.039462636
A;0.032163501
T;0.027832732
K;0.025839865
A;0.033170074
R;0.034185326
L;0.047576278
S;0.127773046
S;0.187524617
L;0.2237644
E;0.211535454
S;0.285295856
L;0.337575227
L;0.62793541
H;0.458118647
Q;0.337158938
L;0.274189651
T;0.229217851
L;0.19646209
D;0.017704785
Q;0.018222138
A;0.01669387
A;0.015491135
R;0.014132673
P;0.014369607
Q;0.021577567
E;0.027647674
T;0.032323698
Q;0.031779177
E;0.029737073
G;0.031037048
L;0.032747418
Q;0.028838411
R;0.03233093
E;0.041685522
L;0.042623043
G;0.038489814
T;0.00837037
L;0.006390125
R;0.005095939
R;0.005203255
E;0.006048179
R;0.007468437
D;0.030876607
Q;0.041254058
L;0.037790775
E;0.03193415
T;0.030247599
Q;0.028107435
T;0.018486172
R;0.019443169
E;0.042746782
L;0.061037928
E;0.060814744
T;0.077799564
A;0.32499069
Y;0.240233287
S;0.18316711
N;0.146453865
L;0.121330345
L;0.10438701
R;0.021069258
D;0.033764765
K;0.043381443
S;0.057852075
V;0.057213128
L;0.050403635
E;0.006592989
E;0.007682398
E;0.007416377
K;0.007056914
K;0.006927121
R;0.007220238
L;0.013502121
R;0.011446044
Q;0.018985281
E;0.025518052
N;0.029308528
E;0.028521702
N;0.037385732
L;0.02917324
A;0.02358518
R;0.020163037
R;0.020294261
L;0.02348349
E;0.023681104
S;0.044766635
S;0.05935361
S;0.058209114
Q;0.062509978
E;0.059253693
V;0.028716087
A;0.020261526
R;0.01578788
L;0.015749
R;0.014572382
R;0.015239025
G;0.049352318
Q;0.04027395
C;0.033242404
P;0.027915783
Q;0.025408429
T;0.022932947
R;0.010353059
D;0.02404283
T;0.030812571
A;0.031663746
R;0.03105064
A;0.035820728
V;0.031675339
P;0.021829337
P;0.022747447
G;0.025161251
S;0.027030385
R;0.029702793
E;0.16607216
V;0.315529078
S;0.254770309
T;0.21748019
W;0.207091409
N;0.193782538
L;0.230248481
D;0.175701842
T;0.167383343
L;0.189748548
A;0.173141503
F;0.153447166
Q;0.025324821
E;0.029899031
L;0.036382109
K;0.034102358
S;0.049430901
E;0.053720186
L;0.113154888
T;0.085564256
E;0.069736103
V;0.077727973
P;0.077620667
A;0.083387554
S;0.055903077
R;0.045636401
I;0.048765262
L;0.041507512
K;0.036248404
E;0.036706318
S;0.109889418
P;0.08708705
S;0.083472103
G;0.074990645
Y;0.065394998
L;0.058378225
R;0.012665808
S;0.021199018
G;0.023334126
E;0.026068814
G;0.031381094
D;0.033158332
T;0.099257141
G;0.170389742
C;0.272067815
G;0.37053404
E;0.439204448
L;0.486668592
V;0.292609394
W;0.225387096
V;0.185696016
G;0.159263663
E;0.136875737
P;0.124430348
L;0.075159907
T;0.052600563
L;0.044342756
R;0.042813741
T;0.059010482
A;0.071126839
E;0.09167397
T;0.139624074
I;0.137634575
T;0.124252617
G;0.129011184
K;0.149614021
Y;0.280348122
G;0.1914168
V;0.141239911
W;0.109173678
M;0.088660628
R;0.074852978
D;0.016146183
P;0.017032042
K;0.022496829
P;0.034247547
T;0.040553027
Y;0.039553747
P;0.030104637
Y;0.034134135
T;0.038523485
Q;0.037350811
E;0.044398683
T;0.047665492
T;0.05452919
W;0.073991627
R;0.06991152
I;0.102029309
D;0.092674816
T;0.102903639
V;0.088380784
G;0.059414923
T;0.054946532
D;0.067680724
V;0.084236401
R;0.090525205
Q;0.261469364
V;0.301445872
F;0.293006698
E;0.26071281
Y;0.246900892
D;0.26390257
L;0.724008083
I;0.552951068
S;0.408760448
Q;0.355572596
F;0.307154489
M;0.265412346
Q;0.039412916
G;0.049395218
Y;0.050971031
P;0.076841362
S;0.174666435
K;0.239699408
V;0.662876248
H;0.410430878
I;0.300205479
L;0.229969583
P;0.186478829
R;0.158389653
P;0.042369336
L;0.051347211
E;0.060927788
S;0.116297625
T;0.207803851
G;0.280782744
A;0.622817278
V;0.541608363
V;0.453591943
Y;0.393316925
S;0.399551284
G;0.398244455
S;0.364718646
L;0.318951428
Y;0.237801443
F;0.190310046
Q;0.157357401
G;0.135483881
A;0.037746251
E;0.054578885
S;0.062332034
R;0.077623405
T;0.112461793
V;0.152714123
I;0.096973151
R;0.063447759
Y;0.061070849
E;0.057275191
L;0.072114694
N;0.071429074
T;0.061834157
E;0.052393615
T;0.049250523
V;0.043122798
K;0.039015913
A;0.037666793
E;0.026563555
K;0.033116624
E;0.045835584
I;0.078525506
P;0.078929245
G;0.088326032
A;0.114044726
G;0.156936765
Y;0.155378431
H;0.183099963
G;0.169654691
Q;0.17157878
F;0.145168185
P;0.113733739
Y;0.144286265
S;0.152868979
W;0.139361924
G;0.138032695
G;0.075732887
Y;0.091881365
T;0.096382926
D;0.139006756
I;0.172791475
D;0.15641063
L;0.117197543
A;0.08765088
V;0.085438003
D;0.080467738
E;0.127839112
A;0.23701033
G;0.827007294
L;0.828168273
W;0.81338954
V;0.726798229
I;0.59793362
Y;0.502803057
S;0.022948384
T;0.020997792
D;0.02092875
E;0.030240528
A;0.063157022
K;0.116652588
G;0.727568388
A;0.718037218
I;0.725644946
V;0.612389058
L;0.502307785
S;0.423053235
K;0.02122727
L;0.043103769
N;0.038881997
P;0.042416483
E;0.047444504
N;0.05299449
L;0.064950854
E;0.060224161
L;0.061849942
E;0.056492977
Q;0.056627214
T;0.071546177
W;0.081797004
E;0.061689258
T;0.052693387
N;0.046034932
I;0.043941647
R;0.040239712
K;0.058922172
Q;0.117798284
S;0.20138364
V;0.334389962
A;0.423051816
N;0.486300036
A;0.791164398
F;0.783681035
I;0.777921597
I;0.764695913
C;0.682781726
G;0.639494573
T;0.383105934
L;0.342879504
Y;0.316760689
T;0.296106733
V;0.280965173
S;0.250531117
S;0.052958757
Y;0.048050448
T;0.047012498
S;0.05666811
A;0.063519269
D;0.083432272
A;0.36992982
T;0.489176825
V;0.473183254
N;0.388955168
F;0.326643044
A;0.280352791
Y;0.038232595
D;0.057478994
T;0.082058758
G;0.093503945
T;0.096814197
G;0.108319968
I;0.148997784
S;0.145977646
K;0.134300599
T;0.215868138
L;0.250034982
T;0.233215685
I;0.052040428
P;0.038020507
F;0.032293876
K;0.029044963
N;0.028542274
R;0.026975989
Y;0.053762764
K;0.084529936
Y;0.11399136
S;0.156690255
S;0.177042049
M;0.170529371
I;0.176118404
D;0.106187358
Y;0.08466357
N;0.070276216
P;0.061845207
L;0.060389116
E;0.034605116
K;0.058175012
K;0.082155128
L;0.120180838
F;0.130880398
A;0.126275962
W;0.128920615
D;0.170913473
N;0.245879114
L;0.335258663
N;0.31544438
M;0.33762079
V;0.309951305
T;0.235267296
Y;0.195825418
D;0.164915323
I;0.15742687
K;0.15742687
L;0.15742687
S;0.15742687
K;0.15742687
M;0.15742687
