G;0.022342741
P;0.024552286
A;0.025776764
K;0.028640039
S;0.070786482
P;0.140991072
Y;0.61612618
Q;0.615906209
L;0.600187639
V;0.495703913
L;0.41799053
Q;0.35427166
H;0.032711476
S;0.022790566
R;0.017730047
L;0.01685448
R;0.015727222
G;0.016596377
R;0.019943178
Q;0.071355671
H;0.119771183
G;0.128880851
P;0.179531997
N;0.242174422
V;0.474424601
C;0.406679749
A;0.437291056
V;0.43919117
Q;0.393777734
K;0.363620808
V;0.223698914
I;0.137133852
G;0.100496441
T;0.083332285
N;0.073031825
R;0.065114389
K;0.096628904
Y;0.12444219
F;0.105099221
T;0.09443678
N;0.105943155
C;0.10662205
K;0.030765921
Q;0.035622269
W;0.043518146
Y;0.043233253
Q;0.042811459
R;0.042105724
K;0.078982353
I;0.106725752
C;0.100457509
G;0.111778408
K;0.124774992
S;0.219577312
T;0.592053533
V;0.635770917
I;0.556852212
S;0.445028998
Y;0.372116935
E;0.3316656
C;0.136427939
C;0.094633102
P;0.079409152
G;0.070876129
Y;0.063544565
E;0.056964417
K;0.026455402
V;0.031976804
P;0.029622048
G;0.028978974
E;0.028698182
K;0.031058088
G;0.139312774
C;0.125306457
P;0.123854468
A;0.137738027
A;0.139519691
L;0.151784579
P;0.265106082
L;0.289828569
S;0.251629829
N;0.252795801
L;0.236502564
Y;0.224849045
E;0.317990512
T;0.405638352
L;0.435323219
G;0.404842108
V;0.384782672
V;0.343396713
G;0.055186898
S;0.067571893
T;0.096499085
T;0.119589709
T;0.120151478
Q;0.108450646
L;0.032831728
Y;0.02265428
T;0.018231859
D;0.016499929
R;0.015256268
T;0.015149867
E;0.009376764
K;0.011606678
L;0.012873332
R;0.012373544
P;0.01365937
E;0.015415708
M;0.02985391
E;0.035488799
G;0.04600961
P;0.081885837
G;0.186700243
S;0.273257549
F;0.527930498
T;0.389134705
I;0.323534499
F;0.251801923
A;0.207769251
P;0.179626142
S;0.084936261
N;0.083559245
E;0.103892922
A;0.119784392
W;0.122848451
A;0.113283321
S;0.116994262
L;0.158496708
P;0.134021938
A;0.129733406
E;0.137978727
V;0.200440779
L;0.223089874
D;0.190021574
S;0.309298237
L;0.368709281
V;0.435478318
S;0.424563239
N;0.632434726
V;0.712876648
N;0.661808729
I;0.622974545
E;0.560985386
L;0.509196649
L;0.204171777
N;0.159260824
A;0.156364053
L;0.178533405
R;0.169135666
Y;0.177428335
H;0.077287763
M;0.066630796
V;0.065387875
G;0.057691053
R;0.050663626
R;0.048247104
V;0.167662412
L;0.105622157
T;0.079820444
D;0.067446597
E;0.067151612
L;0.072670117
K;0.107322812
H;0.187312081
G;0.166978439
M;0.167015687
T;0.183535945
L;0.184684038
T;0.097174525
S;0.091575414
M;0.08190014
Y;0.097441748
Q;0.103457278
N;0.159534906
S;0.620236039
N;0.684978187
I;0.733302355
Q;0.715053022
I;0.702193666
H;0.620873546
H;0.246985406
Y;0.249775872
P;0.26261132
N;0.377003945
G;0.44857499
I;0.500750547
V;0.528925478
T;0.336797103
V;0.2981656
N;0.263132825
C;0.233671683
A;0.203906084
R;0.026955128
L;0.044216245
L;0.042185267
K;0.040292941
A;0.051701206
D;0.062108149
H;0.207739145
H;0.21629557
A;0.233058125
T;0.258805178
N;0.350111753
G;0.425419435
V;0.818210304
V;0.778919518
H;0.708529751
L;0.670361832
I;0.593389618
D;0.514961779
K;0.505738795
V;0.623290896
I;0.577712317
S;0.480910309
T;0.466313314
I;0.450018704
T;0.11532712
N;0.265777618
N;0.440530757
I;0.526690051
Q;0.578809094
Q;0.610185454
I;0.523588419
I;0.326652169
E;0.241398493
I;0.198388726
E;0.164559311
D;0.14859049
T;0.059340537
F;0.053252697
E;0.047319482
T;0.056600176
L;0.065166754
R;0.06664897
A;0.227342218
A;0.206381038
V;0.223344634
A;0.198785588
A;0.184208113
S;0.183040231
G;0.277106047
L;0.237248361
N;0.189300557
T;0.160174206
M;0.1405963
L;0.124181295
E;0.046880275
G;0.066174641
N;0.101925492
G;0.156583242
Q;0.202415866
Y;0.208387961
T;0.174284399
L;0.159035191
L;0.121285349
A;0.09911833
P;0.088211524
T;0.082197661
N;0.045828491
E;0.068685651
A;0.074771434
F;0.067938738
E;0.059499395
K;0.055424352
I;0.105442733
P;0.073986799
S;0.062829574
E;0.066535659
T;0.096127647
L;0.115190407
N;0.072998255
R;0.057317108
I;0.060796241
L;0.052145369
G;0.047192639
D;0.04260012
P;0.018674999
E;0.024836972
A;0.03962934
L;0.04333093
R;0.041141921
D;0.060025086
L;0.642543674
L;0.686654925
N;0.656509221
N;0.619393349
H;0.577247286
I;0.518168206
L;0.09369579
K;0.081936359
S;0.09618627
A;0.101423129
M;0.129008305
C;0.186666091
A;0.404151022
E;0.391103402
A;0.502551208
I;0.536300801
V;0.529841048
A;0.475146169
G;0.186993569
L;0.248130679
S;0.212914358
V;0.186788216
E;0.158728862
T;0.14313223
L;0.104685813
E;0.077376246
G;0.102128754
T;0.113777474
T;0.135417521
L;0.150124818
E;0.132101089
V;0.129496455
G;0.111551891
C;0.11418362
S;0.107841671
G;0.124971057
D;0.254246354
M;0.308790267
L;0.28767246
T;0.243507296
I;0.241145343
N;0.241571143
G;0.263693631
K;0.282795578
A;0.363641004
I;0.322440304
I;0.281905794
S;0.248177414
N;0.095663816
K;0.101913169
D;0.154144943
I;0.194208816
L;0.196289492
A;0.217462917
T;0.433829546
N;0.607097685
G;0.678457419
V;0.717277884
I;0.71602881
H;0.667079161
Y;0.285003424
I;0.441703886
D;0.368966858
E;0.336920016
L;0.31671201
L;0.280475209
I;0.041165739
P;0.03124398
D;0.034405162
S;0.056504376
A;0.061844289
K;0.072834343
T;0.318509012
L;0.315403238
F;0.243957718
E;0.196408637
L;0.166378063
A;0.147384291
A;0.046613961
E;0.047580749
S;0.060278545
D;0.10212943
V;0.138925004
S;0.153531869
T;0.439155251
A;0.358263001
I;0.283621361
D;0.222113319
L;0.186889607
F;0.162349299
R;0.03605631
Q;0.072477043
A;0.092472414
G;0.127864935
L;0.153392261
G;0.155550132
N;0.178246558
H;0.149443835
L;0.111492435
S;0.091858953
G;0.079841256
S;0.073807473
E;0.07567066
R;0.113146037
L;0.191346149
T;0.219806701
L;0.234922099
L;0.217289935
A;0.153570741
P;0.228859618
L;0.299919794
N;0.260365851
S;0.226025206
V;0.197615772
F;0.018680781
K;0.015554562
D;0.023881753
G;0.029111549
T;0.032012713
P;0.034985741
P;0.090374142
I;0.083267376
D;0.065552135
A;0.066185512
H;0.075422746
T;0.068530415
R;0.030001193
N;0.06505765
L;0.117513508
L;0.184366524
R;0.204062414
N;0.266838352
H;0.331090093
I;0.261361271
I;0.193295817
K;0.151655272
D;0.130992556
Q;0.131776258
L;0.198391467
A;0.206987098
S;0.21131584
K;0.20367083
Y;0.218363905
L;0.214546964
Y;0.178886503
H;0.153480589
G;0.125240237
Q;0.125213943
T;0.123580635
L;0.120851065
E;0.053523183
T;0.052927628
L;0.053730965
G;0.046008937
G;0.042533934
K;0.041689545
K;0.183827728
L;0.449510351
R;0.393434713
V;0.442853458
F;0.378890252
V;0.33160007
Y;0.04458198
R;0.092269883
N;0.220680286
S;0.289540648
L;0.30430178
C;0.294678574
I;0.360159338
E;0.280341357
N;0.322506209
S;0.36461056
C;0.357856047
I;0.32197997
A;0.027978033
A;0.023765862
H;0.019195139
D;0.01637537
K;0.015132147
R;0.015346736
G;0.048136503
R;0.066534638
Y;0.139691909
G;0.193248659
T;0.194938117
L;0.174153909
F;0.047681212
T;0.048028782
M;0.049962431
D;0.047593318
R;0.046938705
V;0.068210671
L;0.051006973
T;0.04366754
P;0.050124953
P;0.075588077
M;0.089718825
G;0.113629172
T;0.39484787
V;0.378169343
M;0.289513628
D;0.230381541
V;0.196197927
L;0.166201318
K;0.015217483
G;0.019686207
D;0.023381044
N;0.038397498
R;0.064960951
F;0.149405524
S;0.451077908
M;0.595970556
L;0.62738356
V;0.579612799
A;0.506226724
A;0.450710172
I;0.247303277
Q;0.181787863
S;0.153874308
A;0.137557581
G;0.134370679
L;0.130506227
T;0.036443174
E;0.02998215
T;0.028804779
L;0.031749316
N;0.034519929
R;0.037484705
E;0.366447449
G;0.563951313
V;0.634600659
Y;0.554059058
T;0.489056379
V;0.438920056
F;0.039840788
A;0.035972744
P;0.03805093
T;0.038153812
N;0.038032693
E;0.039474805
T;0.044866741
F;0.036993563
R;0.029403071
A;0.026855968
L;0.023253137
P;0.020267576
P;0.004415065
R;0.005302325
E;0.009259482
R;0.013248011
S;0.019308591
R;0.022630607
L;0.083649993
L;0.056363717
G;0.04642574
D;0.041812725
A;0.041444027
K;0.049996058
E;0.471507728
L;0.543512225
A;0.562540968
N;0.556523964
I;0.599295056
L;0.554589063
K;0.122426122
Y;0.14541012
H;0.200741649
I;0.219964556
G;0.229428405
D;0.248098309
E;0.525179207
I;0.548326641
L;0.5246888
V;0.469343185
S;0.412122935
G;0.394882903
G;0.620900631
I;0.537441179
G;0.448520193
A;0.388260424
L;0.330402482
V;0.286660294
R;0.023610651
L;0.040998444
K;0.036791484
S;0.038145393
L;0.03984344
Q;0.03702197
G;0.041032344
D;0.040727004
K;0.069670508
L;0.116153903
E;0.116897327
V;0.121642018
S;0.107276022
L;0.158018187
K;0.152291775
N;0.275022984
N;0.360021544
V;0.404421717
V;0.172017783
S;0.106189728
V;0.089492947
N;0.075094052
K;0.065135759
E;0.060232217
P;0.032037258
V;0.06142877
A;0.060506771
E;0.060305111
P;0.069638723
D;0.084128688
I;0.193746775
M;0.163487673
A;0.19785286
T;0.232401229
N;0.332007736
G;0.408363784
V;0.804471016
V;0.800834775
H;0.796905398
V;0.794925541
I;0.754569685
T;0.659248357
N;0.138026178
V;0.124462008
L;0.095130066
Q;0.075652406
P;0.063145298
P;0.05471619
A;0.011718303
N;0.009261221
R;0.008236885
P;0.00835716
Q;0.00828191
E;0.008705318
R;0.016714841
G;0.023217887
D;0.024508814
E;0.028967902
L;0.043268126
A;0.044262345
D;0.136360496
S;0.348641172
A;0.404200564
L;0.370732479
E;0.319799566
I;0.285285781
F;0.036979318
K;0.043575823
Q;0.071243644
A;0.072556064
S;0.069934535
A;0.065479502
F;0.025790006
S;0.020165414
R;0.0173588
A;0.023732603
S;0.024377352
Q;0.025791392
R;0.038335383
S;0.060349017
V;0.086155971
R;0.091910273
L;0.133154243
A;0.133790761
P;0.169940203
V;0.279650182
Y;0.214034498
Q;0.16904749
K;0.142982316
L;0.127096628
L;0.023251235
E;0.023251235
R;0.023251235
M;0.023251235
K;0.023251235
H;0.023251235
