M;0.177754819
G;0.246643528
K;0.245129516
I;0.250770174
T;0.20681203
L;0.175817574
Y;0.016683012
E;0.015116692
D;0.016722023
R;0.017438665
G;0.022222018
F;0.028587793
Q;0.032512635
G;0.039218992
R;0.041075667
H;0.066910915
Y;0.061381471
E;0.057861706
C;0.046578318
S;0.039324388
S;0.044473718
D;0.046566054
H;0.053527659
P;0.057851334
N;0.254121929
L;0.229073897
Q;0.170760085
P;0.142532028
Y;0.12671169
L;0.113192221
S;0.036340803
R;0.029953867
C;0.051485608
N;0.048761807
S;0.046044981
A;0.043450276
R;0.03442052
V;0.096107826
D;0.111670882
S;0.208038077
G;0.315835011
C;0.367804915
W;0.217975527
M;0.146304354
L;0.111900598
Y;0.092960104
E;0.080875158
Q;0.075497905
P;0.092659324
N;0.106031001
Y;0.138730725
S;0.204372637
G;0.299484104
L;0.325051
Q;0.080861181
Y;0.058209598
F;0.043868591
L;0.036190696
R;0.030922467
R;0.028302992
G;0.035919547
D;0.031951949
Y;0.032289108
A;0.038476102
D;0.055920035
H;0.088228578
Q;0.228219777
Q;0.214984477
W;0.178531537
M;0.148111716
G;0.137944418
L;0.124420742
S;0.036978036
D;0.0409922
S;0.042347759
V;0.044315577
R;0.046467787
S;0.06609271
C;0.167124361
R;0.127790838
L;0.171015402
I;0.15961422
P;0.139800894
H;0.127513632
S;0.093827009
G;0.075934112
S;0.081443111
H;0.101448432
R;0.090025818
I;0.085172842
R;0.013067037
L;0.013845697
Y;0.012830506
E;0.011317484
R;0.010633272
E;0.010925939
D;0.02023977
Y;0.038516417
R;0.040457239
G;0.107590474
Q;0.154403681
M;0.163779835
I;0.08089444
E;0.056719959
F;0.050384651
T;0.048201427
E;0.055722213
D;0.071467857
C;0.185941249
S;0.119254842
C;0.101825396
L;0.0813815
Q;0.068684834
D;0.059928606
R;0.015307039
F;0.051353693
R;0.056585054
F;0.101812311
N;0.147494954
E;0.186017156
I;0.778029203
H;0.765575022
S;0.665771087
L;0.592651635
N;0.509994525
V;0.463462303
L;0.206091046
E;0.242098689
G;0.415580471
S;0.49666205
W;0.557716107
V;0.562026193
L;0.178399235
Y;0.165487394
E;0.13193203
L;0.116551258
S;0.098042035
N;0.083913629
Y;0.013586044
R;0.015911952
G;0.042365313
R;0.078629218
Q;0.153246075
Y;0.170808767
L;0.091672957
L;0.079142779
M;0.060910533
P;0.048829347
G;0.04260754
D;0.037261883
Y;0.007986695
R;0.008149832
R;0.011882444
Y;0.022606514
Q;0.029300964
D;0.03425776
W;0.095542669
G;0.070464388
A;0.068361282
T;0.064798489
N;0.062454754
A;0.064810832
R;0.044672519
V;0.052172184
G;0.048998594
S;0.057544246
L;0.055153
R;0.053992624
R;0.163053274
V;0.163053274
I;0.163053274
D;0.163053274
F;0.163053274
S;0.163053274
