M;0.104143113
M;0.089791045
C;0.083315959
G;0.075692788
A;0.068952191
P;0.062530756
S;0.045680314
A;0.04542391
T;0.044714868
Q;0.042331114
P;0.04189961
A;0.041993191
T;0.03854844
A;0.076621592
E;0.103183359
T;0.128873013
Q;0.14064464
H;0.179993982
I;0.100001246
A;0.067050606
D;0.052664727
Q;0.053343065
V;0.050997233
R;0.045376509
S;0.036724359
Q;0.028710574
L;0.024507453
E;0.020755284
E;0.018515933
K;0.017904634
E;0.017668188
N;0.027436808
K;0.038186173
K;0.060206592
F;0.095166314
P;0.121794889
V;0.289761931
F;0.241813719
K;0.201252689
A;0.202045389
V;0.182597882
S;0.164727544
F;0.148822993
K;0.150242716
S;0.229553392
Q;0.27168677
V;0.288740641
V;0.284817015
A;0.225715578
G;0.38869375
T;0.446538488
N;0.524658591
Y;0.551557922
F;0.58469366
I;0.567425787
K;0.369737417
V;0.332498868
H;0.262871973
V;0.218926722
G;0.189295272
D;0.057160318
E;0.158072561
D;0.202088277
F;0.324185297
V;0.408118474
H;0.396317085
L;0.126963317
R;0.126695678
V;0.188348661
F;0.171665125
Q;0.150094849
S;0.136537467
L;0.047661841
P;0.034626707
H;0.03634724
E;0.033830404
N;0.038591617
K;0.041128024
P;0.127971619
L;0.234799922
T;0.205915699
L;0.19309514
S;0.171276063
N;0.151957745
Y;0.038522959
Q;0.033879802
T;0.031670332
N;0.028437786
K;0.025324595
A;0.026134059
K;0.030971229
H;0.089348957
D;0.114610126
E;0.114610126
L;0.114610126
T;0.114610126
Y;0.114610126
F;0.114610126
