R;0.011027515
L;0.016224101
D;0.019052198
K;0.024374247
Q;0.043223375
G;0.071265409
N;0.509321094
F;0.514553308
N;0.45775036
A;0.412877485
W;0.404506028
V;0.375906651
A;0.097046733
G;0.073837042
S;0.060522586
Y;0.054400899
G;0.058760548
N;0.062776665
D;0.226075441
Q;0.253744647
W;0.31079331
L;0.295528702
Q;0.262034464
V;0.237119223
D;0.043622971
L;0.042449951
G;0.043846438
S;0.04544618
S;0.046070331
K;0.055502181
E;0.586349964
V;0.660359412
T;0.594573289
G;0.557991356
I;0.528671712
I;0.45255959
T;0.027773261
Q;0.033974677
G;0.036759069
A;0.036907576
R;0.041491705
N;0.088481297
F;0.088481297
G;0.532723963
S;0.610651255
V;0.610651255
Q;0.610651255
F;0.610651255
V;0.610651255
A;0.610651255
