L;0.925518155
I;0.687829345
V;0.547738413
T;0.424693421
Q;0.3505014
T;0.297693377
M;0.036408782
K;0.028339133
G;0.028563341
L;0.033629827
D;0.038766623
I;0.06087925
Q;0.210373551
K;0.151310995
V;0.359894484
A;0.359118767
G;0.343256706
T;0.349209974
W;0.304287136
Y;0.434095651
S;0.449530333
L;0.406815119
A;0.333311141
M;0.283112178
A;0.04999885
A;0.050961196
S;0.088471989
D;0.102456436
I;0.153694004
S;0.140632128
L;0.026254654
L;0.015679955
D;0.011799186
A;0.013159722
Q;0.011543602
S;0.011983961
A;0.031431139
P;0.029785067
L;0.042945494
R;0.042626619
V;0.144276667
Y;0.134874105
V;0.01615274
E;0.023108929
E;0.017960697
L;0.014379084
K;0.015860176
P;0.014249081
T;0.007435441
P;0.005376667
E;0.008737604
G;0.020906791
D;0.060533369
L;0.152209143
E;0.282147139
I;0.330457464
L;0.248093605
L;0.199105509
Q;0.16734466
K;0.141303132
W;0.035030782
E;0.044335619
N;0.051641415
G;0.061594307
E;0.060922086
C;0.099187404
A;0.197007805
Q;0.192514628
K;0.172643195
K;0.171875603
I;0.201823759
I;0.175092941
A;0.115218729
E;0.092547983
K;0.096914679
T;0.110700861
K;0.107241535
I;0.095879485
P;0.083081722
A;0.364729166
V;0.356859704
F;0.278684892
K;0.227654451
I;0.19119821
D;0.0137254
A;0.017830029
L;0.022264719
N;0.045361035
E;0.088921505
N;0.171223486
K;0.861972213
V;0.910625994
L;0.655565798
V;0.504117593
L;0.404232395
D;0.337368364
T;0.025891602
D;0.036909029
Y;0.066072275
K;0.149401665
K;0.293945432
Y;0.401906093
L;0.835752249
L;0.732414424
F;0.640676449
C;0.495096616
M;0.397130221
E;0.33213446
N;0.004899293
S;0.005909637
A;0.008099566
E;0.010059245
P;0.012260848
E;0.06071427
Q;0.546985388
S;0.761377811
L;0.836558263
A;0.87650919
C;0.899852061
Q;0.910207659
C;0.748343706
L;0.376641646
V;0.264222274
R;0.200487144
T;0.162509024
P;0.135860816
E;0.004286528
V;0.005376056
D;0.00458022
D;0.005275428
E;0.015644258
A;0.018421933
L;0.016140074
E;0.016359568
K;0.019682656
F;0.019100398
D;0.018513173
K;0.023267403
A;0.019848198
L;0.020583183
K;0.042957852
A;0.058430217
L;0.05204376
P;0.054365824
M;0.137381643
H;0.146499977
I;0.108799299
R;0.085236646
L;0.081678176
S;0.070688874
F;0.020536214
N;0.014526203
P;0.011526396
T;0.012654632
Q;0.028259999
L;0.051466912
E;0.195455462
E;0.195455462
Q;0.195455462
C;0.195455462
H;0.195455462
I;0.195455462
