K;0.049284071
V;0.054416865
F;0.047043373
E;0.042622291
R;0.039678699
C;0.04343385
E;0.050569504
L;0.051887602
A;0.041099767
R;0.035341345
T;0.035235667
L;0.035958484
K;0.018568695
R;0.023712516
L;0.051466882
G;0.047920369
M;0.044176108
D;0.044828966
G;0.06573844
Y;0.083689183
R;0.093101233
G;0.163580023
I;0.248056549
S;0.270826673
L;0.464613259
A;0.47730656
N;0.479397456
W;0.441563629
M;0.409256309
C;0.366573339
L;0.055745572
A;0.044469967
K;0.043194075
W;0.05214978
E;0.05358578
S;0.053201114
G;0.039551705
Y;0.035543427
N;0.032620996
T;0.033296414
R;0.033504426
A;0.047877625
T;0.089147776
N;0.070919082
Y;0.055981567
N;0.047248587
A;0.041730136
G;0.036714594
D;0.014228433
R;0.017637044
S;0.055467745
T;0.10864196
D;0.142719042
Y;0.249777158
G;0.770692945
I;0.454234481
F;0.346574217
Q;0.302829772
I;0.259774756
N;0.230986779
S;0.230986779
R;0.042004824
Y;0.072390497
W;0.066538324
C;0.059387639
N;0.051325846
D;0.045794552
G;0.026878417
K;0.034558967
T;0.050450494
P;0.066119254
G;0.1042463
A;0.142175208
V;0.581344962
N;0.453617364
A;0.464486261
C;0.46390152
H;0.437608582
L;0.415029183
S;0.385792822
C;0.3744113
S;0.302112699
A;0.25740961
L;0.255256122
L;0.238840044
Q;0.064244419
D;0.070437625
N;0.135102401
I;0.167392038
A;0.166096658
D;0.171151439
A;0.293598026
V;0.204692408
A;0.158973177
C;0.143107131
A;0.122123563
K;0.1051325
R;0.022096187
V;0.026920468
V;0.022847225
R;0.021283187
D;0.023420483
P;0.028143769
Q;0.116774499
G;0.184319615
I;0.215581109
R;0.208113484
A;0.237615556
W;0.233303155
V;0.052461922
A;0.0390165
W;0.031084687
R;0.026193261
N;0.0245875
R;0.022333543
C;0.03715241
Q;0.026732057
N;0.021964232
R;0.020459779
D;0.034414697
V;0.050948545
R;0.048766196
Q;0.148846984
Y;0.170841823
V;0.217828758
Q;0.217828758
G;0.217828758
C;0.217828758
G;0.217828758
V;0.217828758
