M;0.41380766
Y;0.329423547
S;0.263769517
F;0.221239135
V;0.187805492
S;0.16193671
E;0.043153763
E;0.105504692
T;0.259291887
G;0.371102825
T;0.43670851
L;0.494590431
I;0.783486009
V;0.778646827
N;0.784592628
S;0.796972185
V;0.805094302
L;0.810146968
L;0.824599385
F;0.81929332
L;0.819982549
A;0.822093025
F;0.828136981
V;0.831088414
V;0.821850121
F;0.818287641
L;0.802820265
L;0.79718478
V;0.795515156
T;0.77657035
L;0.717803955
A;0.707132101
I;0.596944759
L;0.491690487
T;0.418564594
A;0.372928267
L;0.223772675
R;0.205141857
L;0.363390694
C;0.394549191
A;0.445276737
Y;0.50075234
C;0.770309508
C;0.777429998
N;0.768733601
I;0.773929313
V;0.773073971
N;0.739843279
V;0.36161685
S;0.241777346
L;0.218114684
V;0.205886126
K;0.196823299
P;0.280201832
T;0.775334597
V;0.658213288
Y;0.5267316
V;0.42877578
Y;0.349863917
S;0.298802644
R;0.036997736
V;0.071982369
K;0.061485618
N;0.061950125
L;0.059905523
N;0.06143494
S;0.06343326
S;0.053511217
E;0.054898153
G;0.084305443
V;0.148405087
P;0.148405087
D;0.148405087
L;0.148405087
L;0.148405087
V;0.148405087
