T;0.019193679
Q;0.017082319
Q;0.015485922
P;0.016004287
Q;0.016654706
Q;0.017049789
D;0.016278267
E;0.020261854
M;0.029264758
P;0.04231523
S;0.06653623
P;0.075507835
T;0.351468265
F;0.319576383
L;0.246472061
T;0.195512831
Q;0.169417244
V;0.150740956
K;0.029948145
E;0.071773008
S;0.156495879
L;0.177720048
S;0.166179019
S;0.155534322
Y;0.054312438
W;0.047929481
E;0.043291767
S;0.044819288
A;0.043057764
K;0.040859257
T;0.099631846
A;0.177677557
A;0.182045817
Q;0.168344297
N;0.151661909
L;0.140907536
Y;0.059447616
E;0.048536643
K;0.050955961
T;0.099912345
Y;0.108967048
L;0.102714399
P;0.034264684
A;0.04749994
V;0.040801217
D;0.032867901
E;0.029294401
K;0.029026737
L;0.04738012
R;0.036159068
D;0.041810731
L;0.047254331
Y;0.045190382
S;0.044510911
K;0.052916676
S;0.07672137
T;0.082177043
A;0.103916317
A;0.112489742
M;0.111726483
S;0.23055312
T;0.318518385
Y;0.359453519
T;0.330739051
G;0.297926402
I;0.29139623
F;0.148754209
T;0.130004466
D;0.195456445
Q;0.341121152
V;0.425490582
L;0.410054257
S;0.117053807
V;0.084422171
L;0.084422171
K;0.084422171
G;0.084422171
E;0.084422171
E;0.084422171
