K;0.029938459
N;0.079515249
T;0.095927288
M;0.107624605
E;0.11327486
H;0.121493628
V;0.055264294
S;0.042045668
S;0.046866963
S;0.079777904
E;0.105996847
E;0.140707523
S;0.374462277
I;0.33079122
I;0.27742372
S;0.220468648
Q;0.182356906
E;0.155232757
T;0.018253654
Y;0.015480816
K;0.015482316
Q;0.018576071
E;0.027115786
K;0.041280518
N;0.200491011
M;0.174784034
A;0.148319006
I;0.121135585
N;0.100244421
P;0.087239201
S;0.044059485
K;0.044432998
E;0.071151634
N;0.145823702
L;0.210037148
C;0.217930873
S;0.091685653
T;0.110996991
F;0.153555175
C;0.138413437
K;0.12006585
E;0.116547386
V;0.120272011
V;0.075994775
R;0.055033276
N;0.047060303
A;0.044000882
N;0.041067556
E;0.058210939
E;0.0791848
E;0.100664328
Y;0.119601339
S;0.123202151
I;0.116477052
G;0.031033307
S;0.029930174
S;0.03007563
S;0.028327212
E;0.03030501
E;0.036811973
S;0.134934932
A;0.113748163
E;0.092923641
V;0.104645498
A;0.093613571
T;0.09338514
E;0.108784586
E;0.217579916
V;0.251991898
K;0.206671163
I;0.184484076
T;0.158802802
V;0.043450266
D;0.031475723
D;0.030120482
K;0.03271661
H;0.057008386
Y;0.056987509
Q;0.03627488
K;0.068846792
A;0.133070012
L;0.14440234
N;0.159643638
E;0.211689487
I;0.569501519
N;0.362174749
Q;0.308878044
F;0.253218561
Y;0.208228344
Q;0.180181702
K;0.076153874
F;0.112501219
P;0.144497842
Q;0.258652516
Y;0.364864188
L;0.406646416
Q;0.270761788
Y;0.200809777
L;0.206937472
Y;0.217927739
Q;0.270584446
G;0.324440762
P;0.518792748
I;0.647472084
V;0.501679212
L;0.387803912
N;0.321641546
P;0.275953417
W;0.035031259
D;0.028223947
Q;0.028291464
V;0.032397456
K;0.030025727
R;0.040223012
N;0.371712506
A;0.323279426
V;0.287116081
P;0.249155179
I;0.235910892
T;0.202753723
P;0.023796737
T;0.022417381
L;0.024101714
N;0.022935316
R;0.022764343
E;0.028248986
Q;0.060971856
L;0.051383853
S;0.043323557
T;0.03831277
S;0.034976339
E;0.031799763
E;0.019329131
N;0.02932173
S;0.028489103
K;0.02889955
K;0.030607927
T;0.03490072
V;0.054256558
D;0.038070396
M;0.043286115
E;0.058331005
S;0.088123727
T;0.1005885
E;0.104300082
V;0.095797509
F;0.071481764
T;0.058513664
K;0.050604004
K;0.045903583
T;0.02592808
K;0.021815136
L;0.022031158
T;0.019667469
E;0.01733259
E;0.016481534
E;0.014454335
K;0.022325322
N;0.063694735
R;0.07785964
L;0.113493711
N;0.132292166
F;0.117502719
L;0.081656411
K;0.061173995
K;0.057462357
I;0.059683168
S;0.053335309
Q;0.025456935
R;0.025274485
Y;0.057743003
Q;0.061958395
K;0.059827495
F;0.085332632
A;0.245926887
L;0.210969567
P;0.166445633
Q;0.175137863
Y;0.197042513
L;0.192659448
K;0.109703422
T;0.166330397
V;0.173632979
Y;0.144155107
Q;0.130582184
H;0.118981878
Q;0.023308635
K;0.024467975
A;0.054168572
M;0.060702637
K;0.059517598
P;0.066621045
W;0.101011544
I;0.070391223
Q;0.056104104
P;0.055872872
K;0.057865602
T;0.094681715
K;0.59145689
V;0.627635479
I;0.5531317
P;0.462350525
Y;0.462350525
V;0.462350525
R;0.462350525
Y;0.462350525
L;0.462350525
