L;0.238524199
P;0.178892806
I;0.173924516
C;0.148250856
P;0.125676548
G;0.11398605
G;0.041090369
A;0.05468981
A;0.060329527
R;0.077780448
C;0.115322274
Q;0.108800843
V;0.094068795
T;0.076405674
L;0.062599808
R;0.050556883
D;0.046643853
L;0.051036273
F;0.077496439
D;0.101071343
R;0.151788106
A;0.296659358
V;0.39850381
V;0.467749064
L;0.789059401
S;0.766800612
H;0.786958774
Y;0.756171167
I;0.706067216
H;0.611643329
N;0.100463688
L;0.135540605
S;0.123560578
S;0.108898908
E;0.107998949
M;0.104455272
F;0.045281351
S;0.031349465
E;0.026293874
F;0.024070434
D;0.0220676
K;0.021783938
R;0.022849232
Y;0.033309489
T;0.041450441
H;0.072937801
G;0.079996133
R;0.082674965
G;0.25302738
F;0.342990547
I;0.31022655
T;0.251916833
K;0.226230216
A;0.243660321
I;0.333343476
N;0.239928454
S;0.209192375
C;0.218327835
H;0.212508661
T;0.196957295
S;0.105321527
S;0.08372508
L;0.066286753
A;0.053850867
T;0.044873309
P;0.038502753
E;0.009156108
D;0.009958416
K;0.011281172
E;0.017634459
Q;0.026690555
A;0.030887932
Q;0.037782192
Q;0.030554041
M;0.030715913
N;0.034245409
Q;0.035557121
K;0.043939541
D;0.607615411
F;0.711542487
L;0.735743006
S;0.750176489
L;0.764819646
I;0.767995318
V;0.390777647
S;0.305327237
I;0.257980943
L;0.201622993
R;0.164815587
S;0.149778376
W;0.124996096
N;0.117681429
E;0.154614578
P;0.296243973
L;0.39714033
Y;0.421446676
H;0.699313819
L;0.46106106
V;0.336439858
T;0.264489777
E;0.218863785
V;0.187940319
R;0.018858135
G;0.026385084
M;0.025274197
Q;0.024580516
E;0.029522485
A;0.051721613
P;0.165190518
E;0.198012397
A;0.226244181
I;0.259423122
L;0.224955022
S;0.210919589
K;0.112754196
A;0.150033623
V;0.134637674
E;0.110418968
I;0.096348184
E;0.082261284
E;0.017854363
Q;0.024517462
T;0.024166356
K;0.02389653
R;0.030914295
L;0.045737182
L;0.095750958
E;0.125606075
G;0.264413983
M;0.345213585
E;0.375754076
L;0.442867662
I;0.719432533
V;0.513385609
S;0.37892737
Q;0.311122037
V;0.265151447
H;0.224767516
P;0.012355387
E;0.01190719
T;0.017237147
K;0.026675627
E;0.044394934
N;0.101945808
E;0.565210938
I;0.606443137
Y;0.468066186
P;0.419748612
V;0.393998289
W;0.344018911
S;0.120792419
G;0.107154772
L;0.121435831
P;0.116135761
S;0.113017267
L;0.102299715
Q;0.021585405
M;0.020478427
A;0.017545899
D;0.016505197
E;0.016966933
E;0.018848414
S;0.065910906
R;0.096087545
L;0.206392606
S;0.260196961
A;0.331137234
Y;0.369236077
Y;0.599349022
N;0.690291703
L;0.664178292
L;0.540110514
H;0.439583677
C;0.368904933
L;0.009015799
R;0.007578433
R;0.013511091
D;0.023472205
S;0.03784343
H;0.059273506
K;0.143262237
I;0.210627571
D;0.189724296
N;0.245807059
Y;0.242151338
L;0.23153315
K;0.044495612
L;0.112588063
L;0.151559512
K;0.158810034
C;0.222078466
R;0.237306843
I;0.729050159
I;0.569436684
H;0.569436684
N;0.569436684
N;0.569436684
N;0.569436684
C;0.569436684
