M;0.012250096
Q;0.013972178
Q;0.014049888
D;0.014529049
D;0.021632248
D;0.060356066
F;0.505151033
Q;0.435832396
N;0.484989752
F;0.459263697
V;0.406347394
A;0.362168262
T;0.09679541
L;0.070603386
E;0.059048067
S;0.053887509
F;0.047897559
K;0.042965114
D;0.063062936
L;0.083120286
K;0.079216957
S;0.097668856
G;0.093985575
I;0.103269294
S;0.054337621
G;0.045832261
S;0.043536603
R;0.040459074
I;0.045995259
K;0.045526554
K;0.095382631
L;0.215854466
T;0.183062037
T;0.166502655
Y;0.194275725
A;0.195202753
L;0.481491983
D;0.37294805
H;0.384732167
I;0.322536349
D;0.278124344
I;0.299870446
E;0.164640754
S;0.328397378
K;0.478803426
I;0.567194752
I;0.615847963
S;0.6484337
L;0.789425015
I;0.523786247
I;0.381228725
D;0.296329908
Y;0.246168303
S;0.210024014
R;0.02282235
L;0.038644135
C;0.036688189
P;0.035531901
D;0.038695806
S;0.046902413
H;0.145650059
K;0.149383828
L;0.344315877
G;0.457537822
S;0.527558929
L;0.567130898
Y;0.757508636
I;0.681978077
I;0.499003381
D;0.387346148
S;0.336703295
I;0.311105495
G;0.040696174
R;0.033267483
A;0.043835193
Y;0.03887435
L;0.034601992
D;0.03070117
E;0.014733672
T;0.016476005
R;0.017407487
S;0.02510719
N;0.029560769
S;0.032817935
N;0.043147177
S;0.037575081
S;0.034271419
S;0.032288454
N;0.03211658
K;0.03285557
P;0.07716772
G;0.115588516
T;0.21896854
C;0.309138767
A;0.338680857
H;0.394801492
A;0.365999639
I;0.291196406
N;0.245153785
T;0.278014421
L;0.301908493
G;0.284518356
E;0.378954619
V;0.574143603
I;0.511621902
Q;0.404421099
E;0.339433342
L;0.329056735
L;0.18864885
S;0.150578201
D;0.129085829
A;0.125208147
I;0.111135375
A;0.095636288
K;0.017195553
S;0.023607135
N;0.022679279
Q;0.021204799
D;0.023310935
H;0.02434667
K;0.021675676
E;0.035221696
K;0.065659692
I;0.090362482
R;0.099326265
M;0.195272307
L;0.460961312
L;0.284153819
D;0.202122003
I;0.161999881
W;0.134703714
D;0.118005301
R;0.051526397
S;0.111950919
G;0.1099991
L;0.118278354
F;0.11682803
Q;0.109883254
K;0.088136852
S;0.311412781
Y;0.296947678
L;0.262004934
N;0.221627694
A;0.194023217
I;0.066571325
R;0.050514489
S;0.089777658
K;0.090521954
C;0.155038124
F;0.160505379
A;0.117255151
M;0.106235623
D;0.102017969
I;0.117173657
S;0.106161422
N;0.099156265
N;0.068835229
T;0.066183969
A;0.062032193
N;0.056473374
T;0.058357114
A;0.062427968
S;0.171206594
Q;0.146619543
Q;0.125311424
L;0.107079446
S;0.090049344
L;0.076905007
D;0.007048458
P;0.007460043
K;0.007405231
Q;0.010899954
R;0.016138339
S;0.037602718
K;0.153148025
Q;0.38287504
I;0.418472389
L;0.340453662
S;0.280439961
N;0.237575586
L;0.013964444
K;0.01360929
K;0.016578247
S;0.03317818
P;0.04434073
P;0.107774009
L;0.583829641
N;0.602169603
L;0.562308421
N;0.488952242
I;0.417826641
S;0.359719669
L;0.059146971
P;0.048241422
T;0.050522278
D;0.047804311
L;0.0460899
T;0.042992016
S;0.023575932
T;0.019446373
D;0.017088244
P;0.017678246
A;0.020101792
K;0.023941527
Q;0.260584533
Q;0.262981802
A;0.363833666
A;0.472995996
L;0.53916564
F;0.571985692
Q;0.764671326
V;0.742957681
I;0.591234545
A;0.467155747
A;0.404747623
L;0.355312342
Q;0.052421659
K;0.069845781
H;0.091161579
F;0.079045936
K;0.070254707
T;0.071319729
L;0.077382267
P;0.095548153
S;0.134301205
H;0.159627207
T;0.180351835
S;0.208476876
V;0.264406979
G;0.172505185
T;0.13265117
V;0.112743936
A;0.096307218
P;0.085906178
P;0.15500623
Q;0.241602004
A;0.256875356
H;0.309689395
T;0.286610562
I;0.263418381
T;0.030263156
E;0.023376524
Y;0.019490212
G;0.016331494
S;0.013875473
R;0.011975889
R;0.002958357
E;0.003221333
R;0.003133674
E;0.003221333
R;0.003513223
E;0.004201735
R;0.008823663
E;0.010473937
R;0.009996116
Y;0.010784186
N;0.010218
S;0.009554178
R;0.00381726
R;0.0049133
N;0.006240785
R;0.00632596
S;0.007938689
R;0.008404533
S;0.036417574
P;0.03500694
P;0.036240478
A;0.037459925
P;0.036265945
F;0.037375689
S;0.037436694
Q;0.030802682
P;0.027232985
S;0.024163194
T;0.020794255
G;0.018550103
R;0.004710823
K;0.006513506
D;0.011893541
R;0.018228292
Y;0.032270455
P;0.035963535
S;0.063475013
V;0.085304692
A;0.069826136
Q;0.079525381
D;0.090657055
Q;0.119179209
Y;0.176132739
S;0.156202167
I;0.140782555
G;0.11784292
A;0.109504098
P;0.10261487
N;0.112899125
T;0.103088543
T;0.09586815
F;0.092682071
G;0.089100766
T;0.106440256
N;0.61608541
N;0.61350593
H;0.541818043
H;0.429544345
L;0.353331786
Y;0.298403834
P;0.046458989
D;0.067379862
E;0.100493431
L;0.135224491
N;0.128025454
V;0.123269896
S;0.094559938
N;0.0754022
N;0.061690281
P;0.052002445
H;0.045016974
Y;0.039769178
R;0.012614012
P;0.027676374
K;0.032807847
P;0.044968128
V;0.057745993
S;0.05933324
Y;0.042496473
D;0.03834036
S;0.036743879
T;0.034489356
L;0.040342331
P;0.040613279
P;0.156334341
D;0.348471165
H;0.463021914
I;0.3912559
K;0.322053617
V;0.28866819
Y;0.073907733
S;0.140344009
R;0.166940639
T;0.27108153
L;0.367965478
F;0.376538669
I;0.419411004
G;0.300128058
G;0.294612944
V;0.276301257
P;0.229437953
L;0.202891861
N;0.024876773
M;0.028038234
K;0.02921026
E;0.038418531
W;0.072465062
D;0.112654979
L;0.489551812
A;0.335282251
N;0.304369082
V;0.275717884
L;0.228721422
K;0.198517452
P;0.092327148
F;0.105641201
A;0.129392962
E;0.214819357
V;0.329988897
Q;0.401744604
S;0.776252151
V;0.739592612
I;0.542507539
L;0.414885744
N;0.335966671
N;0.283359821
S;0.030021161
R;0.044341236
K;0.105802963
H;0.263462014
A;0.34852336
F;0.375768895
V;0.151318699
K;0.099249318
V;0.085844427
Y;0.070601799
S;0.060427058
R;0.053319439
H;0.103541851
E;0.10712564
A;0.128979137
E;0.140905574
N;0.228607309
V;0.283524066
L;0.169888228
Q;0.105085552
N;0.080334872
F;0.066592328
N;0.059250546
K;0.053702896
D;0.087859511
G;0.088982716
A;0.083075086
L;0.069398485
P;0.059300542
L;0.053088819
R;0.026013523
T;0.045217007
R;0.073445519
W;0.144365333
G;0.154456443
V;0.14371788
G;0.021884412
F;0.020730585
G;0.020640125
P;0.019202664
R;0.021423042
D;0.031368246
C;0.156244546
C;0.120579019
D;0.115829269
Y;0.1295067
Q;0.187281072
H;0.285245528
G;0.571578443
Y;0.644410342
S;0.650752167
I;0.573977083
I;0.489792866
P;0.416815971
M;0.045596778
H;0.042715415
R;0.0339185
L;0.032406151
T;0.028827995
D;0.026490147
A;0.018853188
D;0.023435786
K;0.029826721
K;0.047677189
W;0.073865032
S;0.098953908
V;0.226375997
S;0.164318621
A;0.143637488
Q;0.126722209
W;0.116034955
G;0.10480619
G;0.036652684
T;0.043091625
S;0.073837807
G;0.097650774
Q;0.114357603
P;0.169038971
L;0.753094912
V;0.763504207
T;0.718237996
G;0.672439799
I;0.597335768
V;0.503937682
F;0.029760867
E;0.043193772
E;0.116610736
P;0.211792096
D;0.290050721
I;0.351793289
I;0.444786787
V;0.304974034
G;0.228102297
E;0.187457494
G;0.168199688
V;0.173357869
S;0.0895347
S;0.080767438
K;0.072858085
A;0.096127845
I;0.092051613
S;0.081809496
Q;0.018006384
K;0.017033651
M;0.019749512
P;0.018681593
T;0.018355954
D;0.018249263
S;0.020126939
G;0.016081452
R;0.013878922
N;0.015270233
G;0.015315676
P;0.014461443
R;0.01132828
S;0.015965775
G;0.015729984
K;0.015154779
P;0.016420168
N;0.023310125
K;0.064958751
S;0.108825624
G;0.196547488
S;0.255005419
I;0.267398143
S;0.266519596
S;0.208544701
I;0.270138025
S;0.219080259
P;0.189342014
V;0.180309498
P;0.156764353
Y;0.08269608
G;0.085107744
N;0.086218774
A;0.079722226
P;0.071385163
L;0.065416088
A;0.019214928
S;0.016487703
P;0.017374208
P;0.028972089
P;0.04483059
Q;0.060861145
Q;0.201551586
Y;0.220433652
V;0.191078703
Q;0.152590923
P;0.127883345
M;0.117432411
M;0.052952945
Q;0.075968638
Q;0.087423424
P;0.083270684
Y;0.081877011
G;0.075202008
Y;0.026544422
A;0.032250211
P;0.031175305
N;0.033392906
Q;0.032929212
P;0.032920197
L;0.034543633
P;0.031453535
S;0.036251624
Q;0.039662145
G;0.044220418
P;0.045283347
A;0.052982569
A;0.065451533
A;0.061556379
A;0.055516742
P;0.049797922
P;0.046671023
V;0.098907322
P;0.06397447
Q;0.053683649
Q;0.048683509
Q;0.04587025
F;0.04262955
D;0.033970743
P;0.047263995
T;0.063212782
A;0.098237462
Q;0.140124255
L;0.165265073
N;0.255452186
S;0.328930274
L;0.328752885
M;0.279754534
N;0.241823769
M;0.211484904
L;0.041013777
N;0.032805055
Q;0.029405057
Q;0.027705058
Q;0.026685071
Q;0.026518434
Q;0.026518434
Q;0.026518434
Q;0.026518434
Q;0.026518434
S;0.026518434
