M;0.071235329
D;0.059261069
S;0.058978011
L;0.05391679
K;0.047434723
L;0.044714481
P;0.024472922
K;0.031385452
A;0.04363821
N;0.047967941
S;0.052082121
A;0.053892011
T;0.058562577
S;0.061111167
S;0.060695827
A;0.059462756
S;0.057626796
G;0.062068542
S;0.098307043
N;0.099370569
S;0.098346978
N;0.09771952
L;0.094094735
S;0.089288309
G;0.061681122
S;0.06460917
T;0.06422769
S;0.067620039
A;0.071225679
S;0.074384123
A;0.083271623
S;0.071357474
A;0.066261272
A;0.060870968
T;0.056057495
S;0.05331331
P;0.04146868
T;0.0525022
S;0.07978495
S;0.096094482
G;0.104860651
T;0.141294196
A;0.626799822
V;0.616665006
G;0.511001249
G;0.463421717
I;0.414303088
L;0.354771594
S;0.03425017
G;0.028249636
A;0.023700972
P;0.020851046
K;0.021264786
S;0.02522331
P;0.043079942
P;0.051069707
G;0.063691636
L;0.063549943
G;0.069892657
S;0.075947717
S;0.227656394
T;0.183532983
P;0.205992917
I;0.234125897
S;0.209531575
V;0.1885938
R;0.02378875
F;0.032085612
N;0.0309666
A;0.033400007
N;0.032222402
E;0.029965435
E;0.052308023
S;0.115198344
L;0.125524898
D;0.115942754
D;0.163216943
I;0.238961622
L;0.29995805
Q;0.253514469
S;0.238873055
F;0.226433158
H;0.205069542
H;0.178848565
S;0.030394256
K;0.03033641
H;0.039533079
S;0.041121267
P;0.041943157
S;0.046113307
G;0.066460818
G;0.066653416
A;0.060256531
S;0.056404628
G;0.053156221
G;0.049378405
G;0.031153321
D;0.030397251
A;0.03415816
S;0.039556161
P;0.054016435
T;0.078491628
S;0.375467151
N;0.329060122
L;0.273979525
L;0.220106132
G;0.182936388
M;0.15970766
K;0.045068145
N;0.119610548
N;0.222726454
G;0.348772548
L;0.427757055
G;0.456331844
L;0.696105778
V;0.50736025
V;0.375512908
G;0.30213283
N;0.258909434
C;0.228869552
D;0.051215887
S;0.05826959
L;0.056609164
S;0.050773405
S;0.04580304
S;0.041549097
P;0.026773065
S;0.036124215
Q;0.042591472
P;0.048309967
Q;0.059423751
M;0.069651003
H;0.110061973
A;0.109195873
G;0.145556549
S;0.174788877
A;0.192592221
S;0.183428963
L;0.059734255
F;0.056485429
G;0.051618397
N;0.05823525
D;0.056784862
E;0.059963872
V;0.091804922
S;0.077525228
L;0.080622574
R;0.070023939
N;0.087489539
N;0.093372509
F;0.085973889
M;0.096587121
Q;0.136160284
A;0.165159918
G;0.156720805
G;0.141625439
F;0.030278742
F;0.026485279
N;0.024021119
R;0.023082562
K;0.032495582
S;0.049257095
C;0.116755277
G;0.119193405
G;0.122306873
L;0.152483173
P;0.153235686
N;0.162638545
L;0.095508695
N;0.062903956
L;0.04813838
N;0.04068508
K;0.036779106
P;0.037200873
P;0.064612269
Q;0.081638679
L;0.097675343
H;0.091979288
Q;0.081005752
Q;0.074189777
Q;0.065089107
H;0.069990113
Q;0.059030612
Q;0.059798002
Q;0.062709087
H;0.066192468
Q;0.062100172
Q;0.068226799
H;0.073354324
Q;0.065043218
Q;0.060434628
H;0.057413633
Q;0.049387097
Q;0.06717512
Q;0.077830801
Q;0.09814582
Q;0.112989086
L;0.121783997
H;0.09070152
Q;0.100635499
H;0.113456915
Q;0.098989807
Q;0.09091599
Q;0.094485536
L;0.104123622
S;0.088704839
P;0.105843137
N;0.15157374
L;0.193255734
S;0.216326972
A;0.494789153
L;0.506779686
H;0.458322773
H;0.393202446
H;0.333559722
H;0.285017888
Q;0.049387097
Q;0.042517871
Q;0.037169695
Q;0.033718221
Q;0.031418711
L;0.029839709
R;0.016731083
E;0.030039072
S;0.042305668
G;0.045728549
G;0.047612911
S;0.048917249
H;0.042928696
S;0.036425129
P;0.034239848
S;0.036793321
S;0.0384875
P;0.039741243
G;0.065037519
G;0.063188255
G;0.058062702
G;0.059293091
G;0.059135729
G;0.058531602
S;0.049524486
P;0.042145044
Y;0.044220189
N;0.046204641
G;0.051930046
S;0.057509442
Q;0.084140331
A;0.087786466
G;0.086553951
C;0.114154868
S;0.12077049
S;0.121179953
G;0.284988344
G;0.266042918
I;0.233153313
S;0.185568437
P;0.159075505
I;0.143643036
P;0.053775012
P;0.070852324
Q;0.082768301
M;0.08269538
G;0.087323356
V;0.080224648
S;0.012191474
P;0.009966329
K;0.011491408
Y;0.013809308
R;0.017365509
R;0.027626658
S;0.637960255
I;0.59227559
S;0.443246176
F;0.354695968
P;0.292995244
I;0.251288315
K;0.023696482
G;0.034524515
N;0.058303376
S;0.104341216
P;0.132544255
T;0.169967711
A;0.493119359
I;0.433487013
Y;0.348035723
G;0.286083899
N;0.245991427
M;0.222948621
H;0.083163887
M;0.064411938
D;0.057803154
G;0.060846709
M;0.069826144
G;0.076730246
S;0.331418753
G;0.31248945
H;0.313335439
M;0.299855888
N;0.283750862
I;0.313200201
P;0.188987881
T;0.240681037
L;0.252345373
S;0.227177784
I;0.205507064
G;0.181241125
N;0.061750293
G;0.061544642
G;0.062544654
G;0.062919974
G;0.066441387
G;0.081287712
S;0.163004071
T;0.16537331
G;0.166835994
M;0.169038914
V;0.168668675
S;0.15409793
A;0.077200323
G;0.073346645
A;0.064436744
T;0.058644012
G;0.053548694
G;0.051770329
G;0.069427192
D;0.07309854
A;0.092166156
P;0.090988405
Y;0.114576703
L;0.120592217
G;0.086738735
N;0.111302957
S;0.133569161
Y;0.133789569
G;0.125967473
N;0.118221199
M;0.06299755
M;0.053800523
T;0.054867725
S;0.060890414
N;0.069770867
G;0.078266179
Q;0.140122354
M;0.146079332
H;0.18570894
H;0.166791104
G;0.144882357
G;0.12902463
G;0.081237704
L;0.104881704
D;0.090213666
N;0.125605941
S;0.166627049
L;0.161431412
C;0.044873565
D;0.037710458
Y;0.035902778
M;0.037089244
R;0.037613207
N;0.051294098
M;0.10762611
S;0.099939585
L;0.092205912
G;0.083873361
G;0.075504076
N;0.069573532
G;0.037344843
G;0.035172954
G;0.033902536
D;0.036283083
G;0.042452455
S;0.056532984
N;0.206414014
S;0.186964512
M;0.154449791
S;0.125071667
L;0.106766009
M;0.091155961
Q;0.01658529
D;0.019438654
R;0.02313741
M;0.033542134
R;0.035645556
V;0.042946254
M;0.036152393
G;0.040918663
G;0.042010923
P;0.040186554
K;0.043979144
H;0.051511178
L;0.042648405
S;0.042126164
E;0.042353769
A;0.070909552
D;0.093704635
A;0.135444219
M;0.276469439
A;0.250366315
I;0.223117093
A;0.178852901
A;0.149186248
S;0.128431951
G;0.038888186
N;0.056660414
D;0.096197079
P;0.169206895
S;0.25546369
V;0.335331654
Y;0.255491316
L;0.249267504
N;0.201181004
A;0.167992301
L;0.142136359
K;0.122656802
M;0.027526468
G;0.029509321
S;0.029128263
P;0.02698613
S;0.027493083
R;0.027425384
L;0.055541664
S;0.050204903
P;0.049041808
H;0.052525692
S;0.062221777
P;0.068450684
H;0.178416878
S;0.136058077
P;0.119050731
I;0.117364965
Q;0.104070371
G;0.095747064
G;0.099827945
N;0.108308911
G;0.099251697
G;0.09314926
N;0.089388847
V;0.086687957
G;0.028312087
D;0.031866744
G;0.036626408
T;0.033835061
A;0.030526477
R;0.028595467
F;0.060812712
S;0.077694088
R;0.08365495
K;0.136639997
V;0.256637585
F;0.260236065
V;0.123027712
G;0.078436628
G;0.071997186
L;0.063081756
P;0.054173005
P;0.047964826
D;0.015755057
I;0.028860182
D;0.027559668
E;0.031879932
D;0.038477266
E;0.065329775
I;0.152227253
T;0.090879232
T;0.071613918
S;0.060582325
F;0.051554245
R;0.045599068
R;0.074679315
F;0.300970644
G;0.298635542
P;0.352211252
L;0.389309561
V;0.373740762
V;0.092390954
D;0.064423665
W;0.055043379
P;0.047690772
H;0.044006956
K;0.039449687
A;0.037191808
E;0.044434786
S;0.051228881
K;0.048072189
S;0.049823838
Y;0.046365976
F;0.030524403
P;0.028043449
P;0.036897073
K;0.070498854
G;0.189152467
Y;0.295111378
A;0.772360265
F;0.62951383
L;0.467465838
L;0.36117623
F;0.293324709
Q;0.250005806
D;0.036593884
E;0.045828193
S;0.099021246
S;0.227794416
V;0.288458353
Q;0.273829068
Q;0.261527419
L;0.4159832
I;0.411277761
D;0.340736568
S;0.302938151
C;0.262729565
I;0.024199665
T;0.019296646
D;0.020050267
E;0.029703327
D;0.056179541
K;0.143311267
L;0.784069061
Y;0.644920886
L;0.524196496
C;0.432009548
V;0.389212823
S;0.340280106
S;0.051411062
P;0.042064726
T;0.03921629
I;0.040640973
K;0.036373687
D;0.045270746
K;0.114134669
A;0.142102495
V;0.156261404
Q;0.125366464
I;0.108123821
R;0.093280147
P;0.029355824
W;0.032456532
R;0.027736594
L;0.036597297
A;0.04490456
D;0.063198686
A;0.19904241
D;0.185718536
Y;0.200775723
V;0.210452035
L;0.18363269
D;0.16635483
A;0.08940053
T;0.068777516
M;0.055068145
S;0.045649186
L;0.039018482
D;0.034789349
P;0.028175265
R;0.054610789
K;0.135903458
T;0.2424687
V;0.342255032
F;0.340992515
V;0.121620864
G;0.079462111
G;0.066691985
V;0.057258293
P;0.048720139
R;0.045067102
P;0.051073015
L;0.088292748
K;0.084551533
A;0.131202914
F;0.208167249
E;0.261926646
L;0.473348469
A;0.294819281
M;0.231578122
I;0.20563776
M;0.172064757
D;0.149145409
R;0.102195919
L;0.256766945
Y;0.320578188
G;0.357166298
G;0.379114372
V;0.44108443
C;0.291862816
Y;0.218648523
A;0.169360995
G;0.136875339
I;0.113978845
D;0.097599328
T;0.020616055
D;0.025305182
P;0.027608325
E;0.028423205
L;0.028547686
K;0.026762163
Y;0.026393175
P;0.022198558
K;0.026873608
G;0.03669548
A;0.05140121
G;0.058736066
R;0.095408648
V;0.165000275
A;0.13125958
F;0.109593935
S;0.101804882
N;0.124033501
Q;0.319543332
Q;0.359659761
S;0.48696657
Y;0.534473538
I;0.545090675
A;0.478523314
A;0.186016738
I;0.231744215
S;0.18365864
A;0.176752031
R;0.164538372
F;0.213869284
V;0.286939204
Q;0.183133885
L;0.19355308
Q;0.16862762
H;0.151063931
G;0.129859383
D;0.029516906
I;0.027974725
D;0.026058088
K;0.027002051
R;0.028990084
V;0.051528787
E;0.115151912
V;0.213474616
K;0.169652412
P;0.15370734
Y;0.139015615
V;0.129527057
L;0.041572839
D;0.032690272
D;0.031208098
Q;0.037333518
M;0.038248652
C;0.038192059
D;0.022461206
E;0.022487119
C;0.026582579
E;0.026003599
G;0.027668029
Q;0.027816852
R;0.040070087
C;0.072762251
G;0.064209094
G;0.065231584
K;0.078726435
F;0.137241383
A;0.315404207
P;0.2945804
F;0.403765619
F;0.406176358
C;0.401201797
A;0.411354343
N;0.409469634
V;0.539530322
T;0.565089613
C;0.61197681
L;0.570089358
Q;0.508340751
Y;0.224651009
Y;0.266385078
C;0.296190957
E;0.355225548
H;0.444216514
C;0.50083515
W;0.745468736
A;0.59072426
V;0.468203555
I;0.365789458
H;0.296165788
S;0.2481456
R;0.008808523
P;0.014203057
G;0.017150859
R;0.016640835
E;0.023621774
Y;0.046046709
H;0.12338388
K;0.080929577
P;0.074960411
L;0.075692832
V;0.066731644
K;0.057471946
E;0.012637466
G;0.011257365
A;0.010161569
D;0.01026842
R;0.010701865
P;0.016000981
R;0.039676487
A;0.102724314
V;0.126059999
P;0.126059999
F;0.126059999
R;0.126059999
W;0.126059999
C;0.126059999
