M;0.099149913
K;0.087117985
F;0.086823016
L;0.07353846
G;0.061810905
G;0.053325231
N;0.00985989
D;0.008377954
D;0.008680572
R;0.009733826
N;0.016884327
G;0.022226642
R;0.085982591
G;0.179616332
G;0.223145197
V;0.219780117
G;0.193060166
V;0.192762186
G;0.195724219
T;0.21494776
D;0.235362411
A;0.240677759
I;0.221592623
V;0.19313998
G;0.046547264
S;0.046500012
R;0.043800692
G;0.049669296
G;0.053383762
V;0.056505774
S;0.026989788
Q;0.02730304
D;0.029723545
A;0.035624579
A;0.039217198
D;0.042230303
A;0.10081017
A;0.101604372
G;0.10283034
A;0.107446119
A;0.130052316
A;0.143597275
A;0.3539536
A;0.482561409
A;0.580940783
V;0.626727387
G;0.568433833
Y;0.497411475
V;0.052020371
F;0.034520105
Q;0.026539256
Q;0.022678301
R;0.020671409
P;0.025610824
S;0.080613315
P;0.124048859
G;0.173782597
G;0.265537404
V;0.324920124
G;0.317622736
V;0.505905807
G;0.383831829
V;0.341149728
G;0.286145903
G;0.275298446
V;0.262095963
G;0.090064615
G;0.134622067
G;0.152345767
V;0.166510306
P;0.173576283
G;0.196406811
V;0.300637245
G;0.227031261
A;0.236414095
V;0.2451225
G;0.217219573
S;0.202781479
T;0.135296077
L;0.14751409
H;0.134811918
E;0.113209255
A;0.114909846
A;0.114792933
A;0.10480994
A;0.101850972
E;0.127088994
Y;0.17199216
A;0.186454183
A;0.186855028
H;0.097326189
F;0.062610865
A;0.047684163
Q;0.040187567
K;0.034876728
Q;0.033797681
Q;0.033433706
Q;0.040469468
T;0.044358859
R;0.04279834
W;0.045422709
A;0.044339254
C;0.033714563
G;0.029919729
D;0.039513608
D;0.053457238
G;0.07896015
H;0.088115598
G;0.036711127
I;0.030651212
D;0.025092204
N;0.023264371
P;0.022982496
D;0.023430114
K;0.024948657
W;0.02597402
K;0.025247763
Y;0.027565479
N;0.027135527
P;0.026867534
P;0.032238096
M;0.039598957
N;0.043339709
P;0.043061011
A;0.046021229
N;0.047040557
A;0.040438086
A;0.033795327
P;0.030397127
G;0.029997543
G;0.029548693
P;0.029014423
P;0.03559047
G;0.043609366
N;0.047004004
G;0.046525002
S;0.046179819
N;0.046275606
G;0.093848109
G;0.101690441
P;0.1127039
G;0.202206582
A;0.259396583
I;0.312382435
G;0.225901425
T;0.205452085
I;0.187624047
G;0.164740793
M;0.151472604
G;0.14211448
S;0.098115444
G;0.093608335
L;0.089926998
G;0.083704628
G;0.079971206
G;0.078122248
G;0.069776028
G;0.070003361
G;0.07007734
G;0.068549991
A;0.066455179
G;0.064292853
G;0.05378297
G;0.052866548
N;0.05330043
N;0.055360414
G;0.056202966
G;0.056666985
S;0.058915645
G;0.069472268
T;0.080930541
N;0.103242941
G;0.117735708
G;0.132273525
L;0.370546997
H;0.315360963
H;0.263684183
Q;0.221943967
S;0.200757349
M;0.186848208
A;0.107642591
A;0.124880776
A;0.127709121
A;0.126893356
A;0.133685946
N;0.129312545
M;0.072315723
A;0.070546702
A;0.069226474
M;0.068838008
Q;0.080970269
Q;0.096773013
A;0.161775202
A;0.146873876
A;0.13101695
L;0.120009087
A;0.114161325
K;0.140196249
H;0.658761084
N;0.510992423
H;0.46467788
M;0.397210903
I;0.355368251
S;0.310850297
Q;0.189515144
A;0.217196107
A;0.231761098
A;0.224608056
A;0.20838266
V;0.189492062
A;0.04704079
A;0.044028938
Q;0.048449804
Q;0.052327722
Q;0.062531668
H;0.071422016
Q;0.055512607
H;0.072014078
P;0.062100967
H;0.063425951
Q;0.056945735
Q;0.052473555
H;0.029069602
P;0.02311103
Q;0.022942374
Q;0.022858046
Q;0.022807449
Q;0.024027795
Q;0.030292213
Q;0.032943577
Q;0.033224503
Q;0.034649186
A;0.037633485
Q;0.038180153
N;0.057098329
Q;0.070289075
G;0.124358386
H;0.229054056
P;0.250073773
H;0.289268389
H;0.218288422
L;0.155580938
M;0.12376831
G;0.113348909
G;0.108669496
G;0.106850639
N;0.098534137
G;0.09280619
L;0.087213804
G;0.086264238
N;0.088031816
G;0.115547846
N;0.269872338
G;0.295163974
L;0.28837197
G;0.253611863
I;0.225694937
Q;0.193974028
H;0.033326417
P;0.026424438
G;0.025856306
Q;0.025043495
Q;0.024555808
Q;0.024230684
Q;0.022605062
Q;0.022605062
Q;0.022605062
Q;0.022605062
Q;0.022605062
Q;0.02396811
Q;0.031620234
Q;0.035080686
Q;0.035808504
Q;0.047761947
H;0.057974839
P;0.057585721
G;0.089212626
Q;0.126283064
Y;0.180245608
N;0.208951525
A;0.237165922
N;0.260425294
L;0.366639078
L;0.300187036
N;0.293143362
H;0.291436337
A;0.27064544
A;0.271123017
A;0.232956827
L;0.20601505
G;0.204333236
H;0.211873941
M;0.188517821
S;0.170581256
S;0.066628993
Y;0.060041592
A;0.057590236
Q;0.05986286
S;0.075046515
G;0.076283683
G;0.082023799
S;0.087246612
M;0.085037331
Y;0.081692077
D;0.083847594
H;0.115129272
H;0.183024138
G;0.132963523
G;0.114784886
A;0.115092441
M;0.110914457
H;0.105585585
P;0.047177315
G;0.06652607
M;0.064883024
N;0.060420737
G;0.054437464
G;0.048635021
M;0.013127208
P;0.015008584
K;0.018692642
Q;0.024250023
Q;0.026036853
P;0.027158787
L;0.043682635
G;0.038470462
P;0.036977967
P;0.037387662
G;0.038182151
A;0.036284253
G;0.031830281
G;0.04547964
P;0.080364933
Q;0.168437399
D;0.20654093
Y;0.235074366
V;0.180353999
Y;0.11951983
M;0.099536737
G;0.100344181
G;0.097863424
Q;0.104177723
T;0.120506763
T;0.121796697
V;0.123535385
P;0.112583369
M;0.12480315
G;0.122656748
A;0.065896302
A;0.05143781
M;0.043005079
M;0.036871694
P;0.034979236
P;0.042434598
Q;0.139650524
N;0.127773181
Q;0.111108383
Y;0.099809043
M;0.104874194
N;0.114487424
S;0.213646293
S;0.231011242
A;0.233375271
V;0.202468328
A;0.169740582
A;0.146907772
A;0.029965758
N;0.042884961
R;0.05227525
N;0.107574672
A;0.133425683
A;0.143240944
I;0.149185061
T;0.100840732
T;0.080392947
S;0.071507379
T;0.066352034
A;0.060947269
K;0.023848474
K;0.028185308
L;0.029049744
W;0.026145168
E;0.023294985
K;0.021936009
S;0.041676283
D;0.041177526
G;0.047304501
K;0.049676739
G;0.064221644
V;0.068303009
S;0.046965927
S;0.04609409
S;0.041931182
T;0.041853502
P;0.043573517
G;0.047085832
G;0.133316189
P;0.129767552
L;0.272943924
H;0.2808154
P;0.252779466
L;0.295047378
Q;0.292561769
I;0.239328876
P;0.175932725
G;0.145744219
I;0.125143158
G;0.110772173
D;0.063328236
P;0.099780366
S;0.109937449
S;0.108464502
V;0.101737022
W;0.091608763
K;0.035951346
D;0.070178315
H;0.095625579
T;0.087674782
W;0.079169005
S;0.071626817
T;0.071430683
Q;0.128892362
G;0.250861724
E;0.315386996
N;0.363030446
I;0.349620819
L;0.059462875
V;0.040809274
P;0.031161348
P;0.028606139
P;0.029056144
S;0.032063822
R;0.045767903
A;0.09222056
Y;0.101481656
A;0.102502376
H;0.095067018
G;0.086810395
G;0.040209413
A;0.03781952
S;0.035648932
D;0.034707993
T;0.037141299
S;0.04058374
N;0.059991002
S;0.106886208
G;0.173960984
N;0.224080987
A;0.236878926
G;0.218317861
I;0.04548502
L;0.030626327
S;0.024289946
P;0.021637104
R;0.021816415
D;0.027081455
S;0.159388691
T;0.219945639
C;0.225747089
A;0.234618798
K;0.284638166
V;0.373975654
V;0.693208456
E;0.481568575
Y;0.416268885
V;0.348371878
F;0.289552474
S;0.248446872
G;0.034365863
S;0.027220309
P;0.023084611
T;0.021543778
N;0.022040665
K;0.022671565
D;0.055068403
S;0.119574726
S;0.127708038
L;0.117997386
S;0.105563527
G;0.104641442
L;0.058236718
E;0.044999301
P;0.058953196
H;0.071217209
L;0.071295971
R;0.063541929
N;0.03577286
L;0.029422879
K;0.022915403
F;0.02032233
D;0.018149537
D;0.016614129
N;0.007853121
D;0.006428763
K;0.006049494
S;0.005896509
R;0.005529457
D;0.005928492
D;0.009909868
K;0.011507124
E;0.013502389
K;0.019068278
A;0.024892491
N;0.027944068
S;0.03758046
P;0.034706324
F;0.044366221
D;0.044641644
T;0.046431994
N;0.04358316
G;0.014488608
L;0.011284307
K;0.010641068
K;0.012741618
D;0.017838126
D;0.026138589
Q;0.119420409
V;0.111428663
T;0.104818215
N;0.142756678
S;0.181315804
N;0.208523278
G;0.681680381
V;0.63433513
V;0.475720584
N;0.365933642
G;0.29776271
I;0.251117478
D;0.013312668
D;0.016316608
D;0.017424891
K;0.019628137
G;0.021613389
F;0.021696667
N;0.016734093
R;0.013878867
T;0.014904469
P;0.014382005
G;0.014569455
S;0.014031827
R;0.011443585
Q;0.016116351
P;0.016562343
S;0.018034324
P;0.017818719
A;0.017916615
E;0.011047006
E;0.010903984
S;0.010748516
Q;0.010073334
P;0.010328978
R;0.012604684
P;0.199282199
P;0.241159484
N;0.259504696
L;0.283261493
L;0.247016084
F;0.22029378
P;0.057407677
P;0.082922727
L;0.143606712
P;0.178119972
F;0.266792715
N;0.271019325
H;0.256678998
M;0.178298831
L;0.139287025
M;0.114919633
D;0.104340738
H;0.105888938
G;0.065530807
Q;0.064879522
G;0.076099128
M;0.08183977
G;0.084341294
G;0.102235814
G;0.412057251
L;0.430652902
G;0.383922031
G;0.358932801
V;0.339913362
V;0.30056791
G;0.099695921
S;0.109276235
G;0.113247822
N;0.116331466
G;0.115415084
V;0.113162686
G;0.061319143
G;0.061679795
G;0.062233528
S;0.064000964
G;0.065155977
G;0.066001763
G;0.07475847
G;0.095969722
A;0.109775186
G;0.11660409
G;0.124588907
A;0.125121062
Y;0.081228375
A;0.10462597
A;0.116978854
H;0.125986777
Q;0.113288277
Q;0.111646096
M;0.092019528
A;0.077344865
A;0.085324138
Q;0.083695009
M;0.079628783
S;0.073426987
Q;0.056563556
L;0.067335755
Q;0.058377614
P;0.053884521
P;0.064565009
M;0.079178075
M;0.134894311
N;0.130238354
G;0.144809951
V;0.139374919
G;0.126644218
G;0.11783807
G;0.071925431
M;0.06188345
P;0.056169689
M;0.053988941
A;0.054933
A;0.061198781
Q;0.089035094
S;0.101848856
P;0.098525008
M;0.11514236
L;0.127569234
N;0.125276571
H;0.087025821
Q;0.066668391
A;0.062004079
A;0.064736724
G;0.062033463
P;0.059860105
N;0.055988908
H;0.051610008
M;0.043611507
E;0.042244762
S;0.058202541
P;0.067700009
G;0.165514886
N;0.153548822
L;0.141799559
L;0.140584677
Q;0.123191655
Q;0.12492232
Q;0.115680397
N;0.103006661
F;0.120060782
D;0.157890946
V;0.188409793
Q;0.172021811
Q;0.052071571
L;0.043883756
F;0.034721643
R;0.029643908
S;0.034580368
Q;0.039764826
N;0.087297797
P;0.13914746
G;0.2065608
L;0.247179374
A;0.243264961
A;0.237047225
V;0.179735869
A;0.131691009
T;0.115670919
N;0.114178412
A;0.11560142
A;0.116550093
A;0.121293455
A;0.121293455
A;0.121293455
A;0.121293455
A;0.120457608
A;0.116150364
A;0.088551909
A;0.086847529
A;0.082257817
T;0.079788238
S;0.082032925
A;0.085076804
A;0.104879409
S;0.15511325
A;0.173849523
A;0.185219847
A;0.178865689
A;0.164034277
V;0.13705194
G;0.093149856
A;0.076709092
P;0.067181222
P;0.063795441
V;0.07392852
P;0.047987074
N;0.058192283
G;0.060763687
S;0.059700288
L;0.055854893
Q;0.050700401
Q;0.02511251
S;0.025390685
Q;0.024462144
Q;0.023997873
Q;0.023719311
Q;0.023533603
Q;0.022605062
Q;0.022605062
Q;0.022605062
Q;0.022605062
Q;0.022605062
Q;0.022605062
Q;0.040129423
Q;0.049491689
Q;0.074745605
Q;0.096196592
Q;0.114503419
M;0.129325792
H;0.172014415
M;0.120275021
A;0.097489834
A;0.095972672
A;0.115041381
S;0.137517944
Q;0.29322052
Q;0.25997752
F;0.221237848
L;0.182270214
A;0.154992336
A;0.135251224
Q;0.03559494
Q;0.04132773
Q;0.048374186
A;0.071297564
Q;0.087356913
N;0.102305392
A;0.126112074
A;0.100326419
Y;0.086911211
A;0.080643512
A;0.075411135
Q;0.078406046
Q;0.222891718
A;0.407101944
T;0.487065762
S;0.513649814
Y;0.492662615
V;0.445804904
I;0.04795903
N;0.036969125
P;0.034539133
G;0.034522943
Q;0.038005263
E;0.046021655
A;0.117027253
A;0.125149876
P;0.166482647
Y;0.212089695
M;0.230479342
G;0.241804555
M;0.232808053
I;0.256238848
A;0.195940634
A;0.175465092
A;0.177697879
Q;0.171220208
M;0.248127967
P;0.23856841
Y;0.227365931
Y;0.226073392
G;0.218071783
V;0.225869358
A;0.19825989
P;0.155642971
W;0.142817885
G;0.122422755
M;0.115521699
Y;0.130683536
P;0.170547366
G;0.199300379
N;0.193678965
L;0.177323535
I;0.154849809
P;0.133406455
Q;0.03028357
Q;0.025742143
G;0.021500806
T;0.017987646
Q;0.016092402
P;0.014929463
R;0.009247392
R;0.013883471
P;0.020385226
L;0.023778737
T;0.024039435
P;0.025285552
S;0.037944943
Q;0.036564231
Q;0.034840037
G;0.032837175
A;0.03393842
E;0.033009772
N;0.110416949
Q;0.226339549
P;0.254060964
Y;0.308615312
Q;0.377989793
V;0.446065297
I;0.323197573
P;0.219829485
A;0.206180056
F;0.18488729
L;0.161848396
D;0.148798247
H;0.299957156
T;0.292953104
G;0.300163746
S;0.296958618
L;0.269171619
L;0.231618072
M;0.027661711
G;0.025288373
G;0.023952454
P;0.021732308
R;0.022307646
T;0.024364223
G;0.040170193
T;0.050664946
P;0.053868939
M;0.056372724
R;0.056726992
L;0.06859004
V;0.136911243
S;0.127496958
P;0.179966648
A;0.237711973
P;0.245158559
V;0.254347528
L;0.105099767
V;0.083105415
P;0.063088874
P;0.054825522
G;0.051252735
A;0.046829512
T;0.015473634
R;0.013645038
A;0.01546666
G;0.014739126
P;0.014171445
P;0.014002671
P;0.014712334
P;0.022501469
Q;0.048487862
G;0.060529441
P;0.063286144
Q;0.066045761
L;0.040208608
Y;0.028766289
Q;0.025497705
P;0.025016144
Q;0.025701296
P;0.025828406
Q;0.03699401
T;0.055739358
A;0.108547191
Q;0.132695191
Q;0.140095979
N;0.136900236
L;0.08765474
Y;0.063747197
S;0.056080629
Q;0.052001216
Q;0.059200972
N;0.067791243
G;0.121036708
S;0.176723361
S;0.208929261
V;0.270698182
G;0.264252019
G;0.263406823
L;0.214162976
A;0.157069847
L;0.150933345
N;0.137680389
T;0.129785967
S;0.118994152
S;0.032882929
L;0.023683682
T;0.018455396
G;0.016242862
R;0.014265084
R;0.01340798
D;0.017501354
S;0.02045764
F;0.019446164
D;0.018757157
R;0.02262007
S;0.03812924
T;0.081572354
S;0.07904771
A;0.074117243
F;0.073437318
S;0.066507125
P;0.063706001
S;0.073864251
T;0.063140973
M;0.057094127
D;0.052797534
Y;0.063144916
T;0.072823847
S;0.177211344
S;0.193690673
G;0.204197745
V;0.208269827
A;0.187382489
A;0.188003153
A;0.195486248
A;0.183688521
N;0.178055932
A;0.209997468
V;0.231242579
N;0.214861666
S;0.155104905
T;0.158435985
V;0.169304262
A;0.150843747
Q;0.140816933
A;0.13756302
A;0.121293455
A;0.121293455
A;0.121293455
A;0.121293455
A;0.121293455
A;0.112059285
A;0.050705999
A;0.042138666
A;0.037723134
A;0.032905139
R;0.029438305
G;0.030628527
K;0.044252902
W;0.058121502
P;0.057453901
G;0.063596375
A;0.068081975
M;0.069034874
S;0.073671997
G;0.075631857
A;0.095597068
A;0.102330215
S;0.106561393
G;0.121482601
A;0.182992637
Y;0.168336406
G;0.155100952
A;0.146691471
L;0.138408566
G;0.126237974
A;0.070911527
G;0.067617312
N;0.062563986
A;0.067195073
S;0.069025767
A;0.071482971
S;0.058265567
P;0.096829444
L;0.138741593
G;0.129937381
A;0.117401832
P;0.104092414
I;0.03812167
T;0.028890967
P;0.024935842
P;0.024668649
P;0.02929849
S;0.050370043
A;0.341372073
Q;0.356370628
S;0.362835467
C;0.317545697
L;0.269372541
L;0.229877591
G;0.022507399
S;0.022488579
R;0.020385961
A;0.023934312
P;0.023256165
G;0.022641818
A;0.011247873
E;0.00913775
S;0.008482933
R;0.00775028
Q;0.00827446
R;0.008595288
Q;0.022605062
Q;0.035996079
Q;0.050269594
Q;0.066366605
Q;0.110680491
Q;0.142834703
L;0.503266692
A;0.381538436
A;0.334534218
V;0.300991878
G;0.257787931
L;0.229004055
P;0.06292516
A;0.081713811
T;0.078171144
A;0.080198251
A;0.098784679
A;0.116173148
Q;0.227536231
A;0.246762231
A;0.250868132
V;0.243272625
A;0.212975568
A;0.197661961
A;0.205858648
A;0.19184652
N;0.17525052
N;0.161123306
M;0.145564473
F;0.131225213
G;0.116551399
S;0.210193843
N;0.259515603
S;0.295334414
S;0.289931607
I;0.298901707
F;0.114292175
S;0.174765989
N;0.186061184
P;0.185001098
L;0.196732605
A;0.186805358
I;0.113175333
P;0.10324271
G;0.12866046
T;0.150513045
A;0.173608083
A;0.187853391
V;0.241013467
A;0.181153461
A;0.161200126
A;0.151223458
A;0.145237458
A;0.141246791
A;0.107642591
A;0.096816778
A;0.080121815
A;0.067263134
A;0.061933994
N;0.058754399
S;0.051508963
R;0.054392099
Q;0.105952422
V;0.133530132
A;0.127620435
A;0.123100773
T;0.098160088
A;0.109726772
A;0.146643549
A;0.171201929
A;0.18913976
A;0.201947838
A;0.259079933
V;0.233688608
A;0.186093052
A;0.178317383
A;0.172245634
A;0.166195805
G;0.138492852
G;0.122556835
V;0.106411109
G;0.087517805
G;0.07571435
A;0.066062197
P;0.013600409
Q;0.012569845
P;0.013159017
G;0.016174234
R;0.016686869
S;0.019017115
R;0.042477846
L;0.055584788
L;0.045798967
E;0.037592992
D;0.032255703
F;0.029800798
R;0.010535359
N;0.015694007
Q;0.019427995
R;0.020084903
Y;0.042203987
P;0.046547517
N;0.054121077
L;0.058981195
Q;0.050896357
L;0.046045981
R;0.041861296
D;0.077451944
L;0.762758493
A;0.693166614
N;0.729764918
H;0.745152846
I;0.685478777
V;0.58427843
E;0.022728503
F;0.027271435
S;0.028354824
Q;0.029372282
D;0.029027003
Q;0.035396352
H;0.195489168
G;0.143582568
S;0.121938358
R;0.105228499
F;0.138067281
I;0.131056512
Q;0.019345462
Q;0.018886447
K;0.018714994
L;0.021575637
E;0.022036207
R;0.022596881
A;0.048514336
T;0.038406789
A;0.036977579
A;0.040017843
E;0.049695367
K;0.066539288
Q;0.259539008
M;0.402157158
V;0.512000144
F;0.490301661
S;0.460158676
E;0.440662757
I;0.69085902
L;0.47152698
A;0.398162494
A;0.383903302
A;0.363627863
Y;0.323620642
S;0.179546744
L;0.228004947
M;0.20350185
T;0.188838363
D;0.214616257
V;0.303365692
F;0.752899826
G;0.683949679
N;0.653157751
Y;0.65870434
V;0.677927077
I;0.606026495
Q;0.143363357
K;0.130278915
F;0.159761965
F;0.138034262
E;0.116900051
F;0.102285912
G;0.019353837
T;0.017024294
P;0.016448766
E;0.019597784
Q;0.024314231
K;0.031639929
N;0.126320183
T;0.177254006
L;0.186761866
G;0.163631506
M;0.148819512
Q;0.153051068
V;0.35068655
K;0.260631949
G;0.413621565
H;0.507950261
V;0.562059367
L;0.532956988
Q;0.345025539
L;0.46020624
A;0.402089576
L;0.37564899
Q;0.318109441
M;0.287592277
Y;0.260579914
G;0.23479563
C;0.218076179
R;0.187114894
V;0.23820411
I;0.216390282
Q;0.034195065
K;0.060423478
A;0.108654688
L;0.114035644
E;0.101665837
S;0.094382336
I;0.036604226
S;0.026244566
P;0.021645238
E;0.026183732
Q;0.061527705
Q;0.106440743
Q;0.326968431
E;0.462583005
I;0.507142226
V;0.425381027
H;0.355618376
E;0.311379855
L;0.311918676
D;0.270355165
G;0.351825992
H;0.45312199
V;0.448860657
L;0.387616063
K;0.032143056
C;0.038799673
V;0.034660935
K;0.029671147
D;0.030127603
Q;0.048703218
N;0.406154156
G;0.438405275
N;0.471384188
H;0.501648366
V;0.528857744
V;0.480429505
Q;0.142665863
K;0.2355593
C;0.326929222
I;0.295022942
E;0.26254971
C;0.255105957
V;0.235447586
D;0.165595919
P;0.239695678
V;0.381733216
A;0.469393855
L;0.530288522
Q;0.80459404
F;0.814670324
I;0.798455556
I;0.659819819
N;0.538241833
A;0.462609664
F;0.131507427
K;0.11276634
G;0.219333708
Q;0.272966772
V;0.293087018
Y;0.26902927
S;0.105374426
L;0.14452073
S;0.132665406
T;0.136288598
H;0.127432781
P;0.118997986
Y;0.260579914
G;0.23479563
C;0.196678191
R;0.187541224
V;0.292363387
I;0.28458116
Q;0.090999365
R;0.117739558
I;0.240665098
L;0.230599761
E;0.203385252
H;0.188474332
C;0.056488782
T;0.04807277
A;0.042734236
E;0.0461649
Q;0.07327944
T;0.083501562
T;0.094109535
P;0.129111603
I;0.170072377
L;0.142397605
D;0.12288025
E;0.119758526
L;0.125981241
H;0.090953529
E;0.078970015
H;0.134768531
T;0.139744264
E;0.138129503
Q;0.150497496
L;0.199493706
I;0.169467648
Q;0.136367537
D;0.125987744
Q;0.158268372
Y;0.680041075
G;0.647520304
N;0.670847416
Y;0.70391199
V;0.727216792
I;0.734346886
Q;0.494886637
H;0.493861318
V;0.394604703
L;0.30736696
E;0.250457925
H;0.212123071
G;0.010868996
K;0.009646803
Q;0.014778495
E;0.021839514
D;0.065626168
K;0.147299329
S;0.780501366
I;0.791802764
L;0.657756706
I;0.53301169
N;0.435847181
S;0.37418591
V;0.087417483
R;0.08569631
G;0.24197799
K;0.332959652
V;0.421853805
L;0.433404863
V;0.236348242
L;0.20082134
S;0.171679517
Q;0.153521992
H;0.141622996
K;0.133367727
F;0.438623905
A;0.360813737
S;0.321684688
N;0.306700073
V;0.326772892
V;0.30167975
E;0.087343037
K;0.130487457
C;0.217623601
V;0.198148981
T;0.168781173
H;0.146449089
A;0.013506293
T;0.011890665
R;0.011181166
G;0.015001781
E;0.022307301
R;0.028620288
T;0.145985812
G;0.215105936
L;0.269217968
I;0.258353643
D;0.244598603
E;0.264190247
V;0.320319414
C;0.207976818
T;0.153725604
F;0.134969361
N;0.123204905
D;0.139841105
N;0.671422422
A;0.721856833
L;0.717597445
H;0.594128594
V;0.485040581
M;0.408971349
M;0.025743157
K;0.024548769
D;0.052008142
Q;0.141160876
Y;0.246308231
A;0.30057024
N;0.463474095
Y;0.454042688
V;0.5104855
V;0.425237209
Q;0.365300679
K;0.323801359
M;0.175633669
I;0.135753289
D;0.103454143
V;0.088696748
S;0.077982014
E;0.070040002
P;0.033530205
T;0.046122149
Q;0.056649913
L;0.057422251
K;0.052101904
K;0.061124956
L;0.104965985
M;0.069936395
T;0.055547525
K;0.049989
I;0.053238821
R;0.050037235
P;0.19749853
H;0.19158037
M;0.1471997
A;0.125894003
A;0.108770674
L;0.097508177
R;0.024631768
K;0.035040796
Y;0.047061612
T;0.068846799
Y;0.083252382
G;0.094685306
K;0.145697206
H;0.318666577
I;0.259106199
N;0.203331195
A;0.170907038
K;0.151005993
L;0.159562111
E;0.10626556
K;0.119964798
Y;0.147640824
Y;0.143931025
M;0.130668536
K;0.136550605
I;0.218883127
T;0.22648867
N;0.240356378
P;0.248683512
I;0.261559645
T;0.134017199
V;0.130349547
G;0.109435757
T;0.10942851
G;0.108065236
A;0.10946694
G;0.115633488
G;0.111152828
V;0.104817023
P;0.091517739
A;0.089726216
A;0.089317277
S;0.179127783
S;0.18648228
A;0.185421914
A;0.178141139
A;0.172351635
V;0.166913157
S;0.069984645
S;0.072129935
G;0.070811242
A;0.084631689
T;0.095324373
S;0.111093874
A;0.264160395
S;0.269142717
V;0.257203549
T;0.216730386
A;0.191674262
C;0.172037736
T;0.056058943
S;0.061487213
G;0.064463685
S;0.067019656
S;0.066582936
T;0.06551298
T;0.061755449
T;0.058749095
T;0.056528191
S;0.063630655
T;0.069629419
T;0.07522884
N;0.089819103
S;0.087844774
L;0.119565656
A;0.134389825
S;0.14387942
P;0.181193208
T;0.499206424
I;0.455605268
C;0.352741877
S;0.284410961
V;0.239907688
Q;0.205827748
E;0.055423915
N;0.119391665
G;0.211200446
S;0.255820416
A;0.258783865
M;0.245329082
V;0.118590504
V;0.0770064
E;0.05591921
P;0.046967939
S;0.043007725
S;0.03916055
P;0.0182814
D;0.02211757
A;0.027774314
S;0.029912457
E;0.036610967
S;0.071787943
S;0.299347341
S;0.311082542
S;0.325594922
V;0.389020175
V;0.374383163
S;0.337353433
G;0.137560874
A;0.189518675
V;0.197630485
N;0.167189926
S;0.174403048
S;0.179287846
L;0.136663526
G;0.096593797
P;0.081614425
I;0.075574249
G;0.066104478
P;0.059308837
P;0.062842488
T;0.148627505
N;0.287618885
G;0.287618885
N;0.287618885
V;0.287618885
V;0.287618885
L;0.287618885
