M;0.125572532
S;0.119624615
N;0.107833892
V;0.095778607
P;0.085490811
H;0.080293591
K;0.027027637
S;0.038162634
S;0.063163827
L;0.061953746
P;0.055271673
E;0.0517537
G;0.042701095
I;0.051196754
R;0.049878667
P;0.061908565
G;0.115566206
T;0.127110948
V;0.121678412
L;0.089531288
R;0.081442247
I;0.102003753
R;0.090524125
G;0.096345648
L;0.110255569
V;0.080639467
P;0.060028573
P;0.053763144
N;0.053619474
A;0.064805845
S;0.133052021
R;0.200142339
F;0.407573789
H;0.508356817
V;0.550206453
N;0.506575525
L;0.157191664
L;0.104670718
C;0.080884169
G;0.066252284
E;0.056203282
E;0.050826405
Q;0.037599355
G;0.050449967
S;0.063939661
D;0.106415689
A;0.185962844
A;0.215586131
L;0.142306954
H;0.120343104
F;0.088040958
N;0.070608757
P;0.059625888
R;0.052200804
L;0.059730321
D;0.075839475
T;0.180588792
S;0.275849797
E;0.323694903
V;0.360849842
V;0.103404075
F;0.063601241
N;0.048785786
S;0.041191615
K;0.037424701
E;0.039269979
Q;0.049533665
G;0.042657137
S;0.035575151
W;0.029317059
G;0.024956602
R;0.021670222
E;0.010131091
E;0.015980318
R;0.019345234
G;0.042590052
P;0.054261029
G;0.059247399
V;0.055697352
P;0.037063256
F;0.030259858
Q;0.02765727
R;0.025573933
G;0.037199944
Q;0.209600389
P;0.40237999
F;0.542619348
E;0.608523726
V;0.648508191
L;0.650382996
I;0.193250567
I;0.120504275
A;0.091983318
S;0.076227188
D;0.066628188
D;0.068483248
G;0.263064861
F;0.254952013
K;0.210385889
A;0.22173845
V;0.208428299
V;0.192217156
G;0.05726707
D;0.074096963
A;0.194448431
Q;0.211949393
Y;0.220613718
H;0.20266825
H;0.072977811
F;0.047963142
R;0.040557712
H;0.053754613
R;0.048621774
L;0.062996909
P;0.041345209
L;0.055716813
A;0.062843204
R;0.059248731
V;0.114029431
R;0.11738577
L;0.359706283
V;0.243867233
E;0.195574194
V;0.177118637
G;0.162153631
G;0.148455769
D;0.076254934
V;0.171355709
Q;0.134549369
L;0.137099259
D;0.148336118
S;0.148336118
V;0.148336118
R;0.148336118
I;0.148336118
F;0.148336118
