M;0.375106692
A;0.450532496
L;0.417987525
L;0.397952616
D;0.329806817
F;0.290136506
F;0.013198823
L;0.010391951
S;0.026619842
R;0.034822151
K;0.047235554
K;0.061245317
N;0.13681224
T;0.146526337
A;0.107103576
N;0.082812354
I;0.070505148
A;0.060907776
K;0.03015843
E;0.045141637
R;0.18773513
L;0.382350959
Q;0.488110954
I;0.525339261
I;0.060181588
V;0.03294909
A;0.023147494
E;0.017726772
R;0.014448965
R;0.012194877
R;0.001689345
S;0.010109544
D;0.017882158
A;0.032979518
E;0.036414403
P;0.040844197
H;0.209765255
Y;0.113804013
L;0.077763736
P;0.059340432
Q;0.049344796
L;0.042693838
R;0.005795181
K;0.029645279
D;0.121999989
I;0.33704228
L;0.464203459
E;0.548418884
V;0.990545154
I;0.879866183
C;0.835987329
K;0.6854067
Y;0.629736662
V;0.527300109
Q;0.005139351
I;0.009115666
D;0.021658301
P;0.071719185
E;0.142225814
M;0.260700564
V;0.687702656
T;0.401643634
V;0.283409099
Q;0.216750197
L;0.17463156
E;0.14658765
Q;0.010864317
K;0.010113403
D;0.011038005
G;0.040441297
D;0.057626486
I;0.135670394
S;0.496916085
I;0.427247271
L;0.373641541
E;0.329529278
L;0.290787351
N;0.245435973
V;0.022446454
T;0.012645677
L;0.009281437
P;0.010326549
E;0.011851972
A;0.011851972
E;0.011851972
E;0.011851972
L;0.011851972
K;0.011851972
