V;0.118575662
C;0.086269483
R;0.076122075
G;0.097458608
G;0.103400791
L;0.114919181
G;0.099366635
L;0.09954223
K;0.082648516
G;0.087906681
L;0.096806729
A;0.094175771
A;0.107161105
P;0.106777951
A;0.125336468
C;0.152962372
G;0.153736365
C;0.175829122
G;0.138408273
G;0.127389073
L;0.141999692
G;0.127435371
Y;0.130263764
E;0.128307179
G;0.18756175
L;0.238075748
G;0.210871657
Y;0.223630629
G;0.208107561
A;0.192308401
L;0.135118753
G;0.100454077
Y;0.105349263
D;0.105584204
G;0.121979713
L;0.127350266
G;0.127511948
Y;0.13181968
G;0.128911446
A;0.119330175
G;0.11054498
W;0.107252086
A;0.072041541
G;0.068989873
P;0.085229566
A;0.107916877
C;0.114396298
G;0.105213324
S;0.05204469
Y;0.072678402
G;0.07949687
G;0.085201666
E;0.113332933
G;0.159927294
I;0.678054094
G;0.558981448
N;0.473913968
V;0.409025185
A;0.354183131
V;0.314309249
A;0.314309249
G;0.122606605
E;0.122206077
L;0.142577151
P;0.135104977
V;0.141474766
A;0.142205988
G;0.155708462
T;0.155714974
T;0.149357736
A;0.185060769
V;0.19151119
A;0.201898982
G;0.638887048
Q;0.677916706
V;0.696426312
P;0.694402829
I;0.689728749
I;0.654122055
G;0.268478274
A;0.271896064
V;0.224868218
D;0.180677429
F;0.155348486
C;0.136400064
G;0.028964579
R;0.029099658
A;0.050634563
N;0.085971355
A;0.11122117
G;0.174145162
G;0.562631607
C;0.562846303
V;0.447449982
S;0.361979172
I;0.306601834
G;0.262631198
G;0.051416487
R;0.051999569
C;0.098167708
T;0.105420105
G;0.125167829
C;0.140448968
G;0.138569295
C;0.134173229
G;0.137741476
C;0.131015226
G;0.129304308
S;0.129304308
S;0.129304308
Y;0.129304308
P;0.129304308
Y;0.129304308
