I;0.038532466
G;0.027628019
D;0.027929097
D;0.033077344
S;0.045247185
G;0.05330579
P;0.09270823
V;0.11407268
S;0.096150309
A;0.088006683
N;0.082070887
G;0.07667992
N;0.088657409
G;0.14042072
A;0.165426612
S;0.173381157
Q;0.166170859
Y;0.163779969
F;0.110275388
G;0.095061123
N;0.088617524
S;0.0833738
M;0.082418704
T;0.079191004
T;0.048933178
G;0.043816298
N;0.045725793
M;0.0471614
S;0.055689526
P;0.090395252
Q;0.415129662
M;0.402053595
A;0.371456265
L;0.394501679
I;0.367351431
Q;0.319515318
G;0.048496306
S;0.0498676
F;0.068314264
N;0.074693471
K;0.104300207
P;0.172892198
C;0.501587749
I;0.543857932
A;0.426604519
V;0.403158851
S;0.353269112
D;0.348012745
I;0.76434505
P;0.671491623
V;0.706949949
S;0.724823758
V;0.735373175
I;0.742296527
G;0.479439914
L;0.395232081
V;0.354086538
P;0.292011
I;0.302553922
Q;0.297023033
D;0.313010097
L;0.327143565
N;0.253490001
V;0.217395291
L;0.181007826
G;0.154193257
D;0.016431242
D;0.025961384
M;0.043257207
N;0.048273422
Q;0.051589417
Q;0.05307666
C;0.062317371
A;0.048123688
E;0.043597529
N;0.043965548
S;0.040475059
T;0.035932675
Q;0.010949194
A;0.010996938
K;0.0116374
R;0.015456513
D;0.03128314
G;0.083294466
A;0.680186272
L;0.639623046
A;0.505705386
H;0.475370102
L;0.408029097
L;0.372260595
E;0.259072572
D;0.37057057
V;0.467861573
S;0.432196103
I;0.393482375
L;0.337272366
S;0.041906774
S;0.041863471
N;0.039658507
G;0.037773885
E;0.037773885
G;0.037773885
G;0.037773885
K;0.037773885
G;0.037773885
