M;0.123955339
N;0.109216481
S;0.130135179
L;0.135357104
N;0.128898025
T;0.124187425
Q;0.098772019
L;0.091319039
G;0.093884617
A;0.128228769
N;0.145014751
S;0.201195126
S;0.320527315
F;0.239092857
F;0.181383411
Q;0.144790478
V;0.122581476
D;0.105763828
P;0.02819553
G;0.033468649
Q;0.034832239
N;0.034449667
T;0.033749491
Q;0.032690828
S;0.032373607
S;0.03165409
P;0.029610465
N;0.031979844
Q;0.046300197
G;0.059944232
N;0.113475174
Q;0.100946337
G;0.084993303
I;0.081654914
S;0.069527024
E;0.060472131
K;0.032040626
Q;0.105062097
L;0.140169114
D;0.132138498
Q;0.179003561
L;0.27051571
L;0.718384743
T;0.640480757
Q;0.686305126
L;0.716696456
I;0.7053931
M;0.623380368
A;0.167684853
L;0.14788948
L;0.120010545
Q;0.101175055
Q;0.088837582
S;0.080040847
N;0.035400957
N;0.032549217
A;0.031973412
E;0.030038707
Q;0.031422657
G;0.03204683
Q;0.036958456
G;0.04032515
Q;0.037524561
G;0.036276326
Q;0.035348064
G;0.035528824
G;0.029644758
D;0.03084223
S;0.038000991
G;0.040611155
G;0.040176517
Q;0.037544991
G;0.018307596
G;0.017628029
N;0.01717025
P;0.016228564
R;0.016663927
Q;0.021139969
A;0.049385071
G;0.047137663
Q;0.043768922
S;0.042803615
N;0.040503639
G;0.041669587
S;0.055470884
P;0.049495533
S;0.0593416
Q;0.07672137
Y;0.100053692
T;0.111745581
Q;0.485464096
A;0.616073728
L;0.643670658
M;0.565411553
N;0.577214241
I;0.607816984
V;0.368332744
G;0.28054297
D;0.244835893
I;0.250148237
L;0.21539306
Q;0.18742984
A;0.054268926
Q;0.069157928
N;0.07868886
G;0.082972892
G;0.084648603
G;0.096035073
F;0.138302714
G;0.11706385
G;0.10849305
G;0.119611643
F;0.123349857
G;0.118762379
G;0.2323865
G;0.340986207
F;0.476172338
G;0.530467756
G;0.563215119
I;0.598636135
L;0.474738121
V;0.36348623
T;0.264834126
S;0.216108531
L;0.184082097
A;0.15985475
S;0.046725035
D;0.042041332
T;0.042041332
G;0.042041332
S;0.042041332
M;0.042041332
Q;0.042041332
