M;0.05103904
F;0.038834184
G;0.034341415
N;0.034234256
N;0.03386417
R;0.033404077
P;0.06940797
M;0.07791014
F;0.092172434
G;0.090893254
G;0.112674648
S;0.132348453
N;0.203436911
L;0.183960378
S;0.153596818
F;0.131982125
G;0.116134262
S;0.112088
N;0.093073875
T;0.092156678
S;0.088877956
S;0.081200995
F;0.074092239
G;0.06712163
G;0.027771592
Q;0.025679007
Q;0.025771797
S;0.026430696
Q;0.02991538
Q;0.044706951
P;0.14534542
N;0.197505355
S;0.198635429
L;0.185160533
F;0.160975897
G;0.141923035
N;0.049540222
S;0.050399557
N;0.049148907
N;0.049570568
N;0.049700916
N;0.049690415
N;0.048984855
S;0.052233428
T;0.049432695
S;0.049038067
N;0.048993915
N;0.05652155
A;0.099707693
Q;0.095956296
S;0.126658499
G;0.141565025
F;0.143597507
G;0.137388681
G;0.107887536
F;0.098609507
T;0.087994089
S;0.083176188
A;0.078906232
A;0.074623366
G;0.047758788
S;0.067285821
N;0.114204784
S;0.14525234
N;0.166134924
S;0.175193335
L;0.158495724
F;0.115962014
G;0.091675828
N;0.07942535
N;0.071997249
N;0.067091088
T;0.047125697
Q;0.077863812
N;0.093591164
N;0.095672235
G;0.093755716
A;0.098668893
F;0.086723179
G;0.077819943
Q;0.077306459
S;0.074614555
M;0.070965677
G;0.067312007
A;0.03680855
T;0.044356033
Q;0.050097505
N;0.053503841
S;0.065447992
P;0.072605034
F;0.140511811
G;0.114672288
S;0.106501063
L;0.101594329
N;0.092400587
S;0.086768657
S;0.058997601
N;0.057459727
A;0.058738212
S;0.071191661
N;0.078879535
G;0.082714731
N;0.090359807
T;0.080598518
F;0.0748263
G;0.073931627
G;0.073748064
S;0.073440706
S;0.124684423
S;0.122754633
M;0.117288987
G;0.111387737
S;0.10805738
F;0.10197328
G;0.051677406
G;0.053314418
N;0.073811183
T;0.085733809
N;0.097451526
N;0.102945864
A;0.094550997
F;0.080493033
N;0.068693658
N;0.064317167
N;0.061862028
S;0.060256824
N;0.039994299
S;0.051835835
T;0.054459622
N;0.076179624
S;0.090525359
P;0.092866346
F;0.072189033
G;0.052967831
F;0.044365913
N;0.038825206
K;0.035607809
P;0.036997403
N;0.089966774
T;0.13415657
G;0.159075419
G;0.168919578
T;0.163607562
L;0.156774064
F;0.056533217
G;0.049728647
S;0.04767397
Q;0.047872141
N;0.049440801
N;0.051947852
N;0.065499932
S;0.065292731
A;0.073718687
G;0.098657116
T;0.119124633
S;0.137645716
S;0.167930871
L;0.140854567
F;0.114042342
G;0.097825237
G;0.088947302
Q;0.08383665
S;0.065509051
T;0.064988032
S;0.077828934
T;0.081724398
T;0.084166563
G;0.086728444
T;0.081084162
F;0.074031472
G;0.066872935
N;0.070811763
T;0.073761225
G;0.079679077
S;0.109547615
S;0.138343602
F;0.139387896
G;0.127740428
T;0.119968283
G;0.114594912
L;0.074051321
N;0.061746672
G;0.08191968
N;0.139790565
G;0.183698952
S;0.229688873
N;0.380330473
I;0.32705985
F;0.244564593
G;0.197195925
A;0.166567087
G;0.145363783
N;0.039982617
N;0.043484554
S;0.047410806
Q;0.049207546
S;0.051035649
N;0.05591843
T;0.160837322
T;0.176317766
G;0.192354113
S;0.189009182
L;0.17196359
F;0.150571624
G;0.035509408
N;0.038858354
Q;0.055381109
Q;0.06931553
S;0.083792955
S;0.091619397
A;0.102406174
F;0.078143254
G;0.063323826
T;0.055938803
N;0.052223802
N;0.054749345
Q;0.16579771
Q;0.183719456
G;0.183832596
S;0.174939334
L;0.160114241
F;0.139885272
G;0.032249242
Q;0.034966618
Q;0.037632674
S;0.040292732
Q;0.04250595
N;0.054555744
T;0.11506778
N;0.125345916
N;0.116369724
A;0.107471474
F;0.095104849
G;0.090300431
N;0.083095282
Q;0.084911793
N;0.086163441
Q;0.083517425
L;0.094619232
G;0.094179347
G;0.095002741
S;0.088770941
S;0.074488233
F;0.070356406
G;0.065678567
S;0.062061146
K;0.042910784
P;0.058553249
V;0.098794132
G;0.118854195
S;0.138889074
G;0.146417374
S;0.167533934
L;0.145966977
F;0.116149952
G;0.09892901
Q;0.097648758
S;0.099496941
N;0.108849108
N;0.108493552
T;0.105179191
L;0.101464443
G;0.091658121
N;0.081738989
T;0.024398267
T;0.02351965
N;0.026600738
N;0.034599431
R;0.040474278
N;0.06599613
G;0.253641129
L;0.233844757
F;0.183927735
G;0.150988124
Q;0.130534965
M;0.115741114
N;0.042950481
S;0.044182271
S;0.044403553
N;0.044143058
Q;0.0441401
G;0.045486982
S;0.087064236
S;0.143902168
N;0.17057089
S;0.175596245
G;0.173707312
L;0.165490742
F;0.091094524
G;0.076850966
Q;0.071184566
N;0.068056129
S;0.066970271
M;0.063687841
N;0.047556072
S;0.071685255
S;0.118930151
T;0.146703117
Q;0.162828106
G;0.173001642
V;0.195530146
F;0.128367454
G;0.097472996
Q;0.088396445
N;0.081294006
N;0.094840234
N;0.196684837
Q;0.192060679
M;0.188971659
Q;0.181303151
I;0.172173244
N;0.151549727
G;0.045343757
N;0.067483217
N;0.117283791
N;0.147927292
N;0.159832662
S;0.160055146
L;0.096851587
F;0.071307197
G;0.065863113
K;0.062564939
A;0.073997706
N;0.076568907
T;0.081860125
F;0.077732518
S;0.072011948
N;0.069599256
S;0.075815511
A;0.097566997
S;0.213313609
G;0.193425238
G;0.18433398
L;0.172680221
F;0.147680962
G;0.128190398
Q;0.027117908
N;0.029836521
N;0.031265805
Q;0.032788746
Q;0.039603287
Q;0.061421399
G;0.206174821
S;0.198423564
G;0.187666198
L;0.171851628
F;0.146402478
G;0.128754536
Q;0.040818691
N;0.044402614
S;0.045950939
Q;0.045901604
T;0.047252893
S;0.053411817
G;0.181392312
S;0.202707902
S;0.198696037
G;0.190559894
L;0.179991704
F;0.157940408
G;0.032194257
Q;0.027980223
N;0.02502196
N;0.022969991
Q;0.021837604
K;0.023004785
Q;0.06958136
P;0.063899249
N;0.069420099
T;0.06776318
F;0.06616559
T;0.062884907
Q;0.12758705
S;0.142172381
N;0.188352317
T;0.278144814
G;0.340939015
I;0.367255092
G;0.166151464
L;0.151935205
F;0.121691724
G;0.100189812
Q;0.086311245
N;0.076842378
N;0.0266985
N;0.027359471
Q;0.029291143
Q;0.031837516
Q;0.040132761
Q;0.064047406
S;0.214750141
T;0.219025508
G;0.208958884
L;0.178981848
F;0.151370341
G;0.131371131
A;0.030510187
K;0.030114755
P;0.037673354
A;0.044962294
G;0.052161002
T;0.070273722
T;0.19179821
G;0.201168641
S;0.202590257
L;0.18634066
F;0.161232156
G;0.143576687
G;0.045690864
N;0.041288853
S;0.039350172
S;0.037369192
T;0.038597894
Q;0.051942378
P;0.14534542
N;0.20156683
S;0.213961492
L;0.203213736
F;0.19501434
G;0.177278012
T;0.089541376
T;0.086582839
N;0.08558021
V;0.082919173
P;0.072567862
T;0.067386116
S;0.037110537
N;0.033505142
T;0.03288733
Q;0.033471651
S;0.034831828
Q;0.040651277
Q;0.183964938
G;0.200756907
N;0.224007318
S;0.232774965
L;0.218713689
F;0.200291405
G;0.07097283
A;0.064663693
T;0.065150062
K;0.060448661
L;0.082292503
T;0.082530811
N;0.080881089
M;0.072700769
P;0.062473416
F;0.060159899
G;0.057444555
G;0.054957107
N;0.033734649
P;0.032904416
T;0.037039538
A;0.039673582
N;0.041117245
Q;0.042211826
S;0.053753048
G;0.067050889
S;0.110966255
G;0.137611911
N;0.161647189
S;0.166508878
L;0.077406377
F;0.05707103
G;0.046691398
T;0.041165464
K;0.038509214
P;0.040517579
A;0.065937191
S;0.075137153
T;0.103703876
T;0.12572746
G;0.145467329
S;0.157970339
L;0.166039526
F;0.124594927
G;0.102441579
N;0.092689365
N;0.087929416
T;0.094304755
A;0.113675654
S;0.1021415
T;0.095524033
T;0.090959489
V;0.087124401
P;0.082007537
S;0.199508488
T;0.201741129
N;0.213414669
G;0.209544644
L;0.202911025
F;0.182598233
G;0.056475759
N;0.05583255
N;0.056845019
A;0.056617588
N;0.056598139
N;0.057766095
S;0.060980737
T;0.060032547
S;0.060052137
T;0.064843662
T;0.087901896
N;0.109001671
T;0.223300874
G;0.206063256
L;0.167059084
F;0.131756581
G;0.108827507
A;0.092631926
K;0.010006577
P;0.012983546
D;0.014404317
S;0.017408781
Q;0.020733464
S;0.023855632
K;0.039297163
P;0.056220114
A;0.096340686
L;0.145156175
G;0.15552296
G;0.164865365
G;0.181081951
L;0.162908897
F;0.128564715
G;0.107988022
N;0.09567852
S;0.087766483
N;0.052977562
S;0.09604007
N;0.116876135
S;0.124556519
S;0.12888025
T;0.124952058
I;0.056475639
G;0.048553526
Q;0.057161431
N;0.063116118
K;0.065713936
P;0.084450826
V;0.228951693
F;0.147105083
G;0.114370426
G;0.098009259
T;0.087559533
T;0.085495591
Q;0.192466348
N;0.203483447
T;0.210089256
G;0.21655985
L;0.210129684
F;0.19071201
G;0.067737073
A;0.063306391
T;0.058170607
G;0.057096764
T;0.066564858
N;0.078711445
S;0.151172251
S;0.157406896
A;0.15251413
V;0.13837681
G;0.12340371
S;0.120931764
T;0.094310671
G;0.085355774
K;0.07972312
L;0.094222076
F;0.087618613
G;0.080855563
Q;0.095871598
N;0.104875237
N;0.15391019
N;0.178827129
T;0.193034005
L;0.194924384
N;0.115670025
V;0.167066976
G;0.137364844
T;0.117532745
Q;0.122074854
N;0.127036422
V;0.136568129
P;0.09684667
P;0.096645782
V;0.099354483
N;0.088343668
N;0.081595803
T;0.081829578
T;0.140696779
Q;0.178510567
N;0.20485419
A;0.215200245
L;0.213136752
L;0.210901618
G;0.158545852
T;0.136538307
T;0.144353636
A;0.146328485
V;0.139809599
P;0.051091909
S;0.058650732
L;0.08241719
Q;0.084684491
Q;0.08836053
A;0.08602792
P;0.045166135
V;0.082122684
T;0.090898087
N;0.102738008
E;0.10453791
Q;0.150150135
L;0.263391137
F;0.289851665
S;0.256716947
K;0.236656174
I;0.250776321
S;0.254948035
I;0.27971369
P;0.199294835
N;0.181215247
S;0.201179437
I;0.199050891
T;0.175963049
N;0.062702656
P;0.061157256
V;0.063733488
K;0.055566549
A;0.060153764
T;0.060300693
T;0.06693539
S;0.05790779
K;0.058273633
V;0.068364702
N;0.059251487
A;0.051943009
D;0.010783315
M;0.011815131
K;0.01325358
R;0.018572032
N;0.036224484
S;0.05060792
S;0.215419441
L;0.158309534
T;0.132901281
S;0.121572487
A;0.106386721
Y;0.092989365
R;0.015911072
L;0.029353201
A;0.034046153
P;0.03644529
K;0.039399177
P;0.049636558
L;0.106793791
F;0.076803029
A;0.064284792
P;0.054869793
S;0.051968253
S;0.048921734
N;0.042498827
G;0.037449315
D;0.03359138
A;0.036060832
K;0.035467213
F;0.037564427
Q;0.032381177
K;0.037561849
W;0.041947931
G;0.037414707
K;0.033394361
T;0.030684546
L;0.009484053
E;0.007945716
R;0.007836024
S;0.009747818
D;0.011073881
R;0.013301825
G;0.054723859
S;0.053824767
S;0.076709598
T;0.094846681
S;0.10112161
N;0.097721368
S;0.045442253
I;0.038146824
T;0.030297399
D;0.028430641
P;0.035254723
E;0.049854288
S;0.19132024
S;0.175594136
Y;0.138899078
L;0.125979409
N;0.122139293
S;0.146819606
N;0.201360136
D;0.161599085
L;0.135737091
L;0.106462389
F;0.086495155
D;0.073145956
P;0.010939866
D;0.011513337
R;0.012879799
R;0.024802983
Y;0.105786937
L;0.213442639
K;0.626629949
H;0.711667061
L;0.643597404
V;0.525027379
I;0.427788949
K;0.360734701
N;0.049412757
N;0.079699039
K;0.163783908
N;0.31026186
L;0.402794802
N;0.444837153
V;0.439741075
I;0.264445052
N;0.183965723
H;0.143708244
N;0.118000436
D;0.100702395
D;0.034759641
E;0.04045032
A;0.057616343
S;0.083530143
K;0.099365407
V;0.183268314
K;0.286232114
L;0.412161201
V;0.34045881
T;0.26899831
F;0.225079048
T;0.193798105
T;0.033405364
E;0.027940214
S;0.024992635
A;0.021729223
S;0.019545269
K;0.017999048
D;0.019324392
D;0.025593951
Q;0.059395621
A;0.091297604
S;0.118824619
S;0.137795935
S;0.186429471
I;0.202382907
A;0.160744508
A;0.132293984
S;0.11230889
K;0.097899914
L;0.040525764
T;0.03380245
E;0.030365497
K;0.029723182
A;0.035291302
H;0.035491665
S;0.033844441
P;0.031035885
Q;0.028612018
T;0.025091223
D;0.02275461
L;0.021071042
K;0.007359207
D;0.010030627
D;0.014077008
H;0.017456584
D;0.016666454
E;0.016339769
S;0.014890015
T;0.01363498
P;0.012917459
D;0.013314061
P;0.013948017
Q;0.014959534
S;0.022086531
K;0.021255493
S;0.027798206
P;0.030596338
N;0.049907005
G;0.060532128
S;0.18956551
T;0.313304633
S;0.340478241
I;0.332104608
P;0.278556603
M;0.242835517
I;0.107104152
E;0.071634322
N;0.063861012
E;0.057795219
K;0.064854592
I;0.077118258
S;0.052454352
S;0.062721997
K;0.085966766
V;0.138671502
P;0.137662274
G;0.135378351
L;0.212289929
L;0.167017326
S;0.163859745
N;0.211110443
D;0.234355283
V;0.262541925
T;0.096396446
F;0.114930928
F;0.121985147
K;0.15802253
N;0.247537559
N;0.271756709
Y;0.203095406
Y;0.258308247
I;0.238426387
S;0.199599661
P;0.189423507
S;0.195445841
I;0.183820963
E;0.117148787
T;0.096075883
L;0.091148391
G;0.097724128
N;0.100395148
K;0.222738743
S;0.264817476
L;0.228648504
I;0.203240454
E;0.169574493
L;0.147922744
R;0.039698392
K;0.18867515
I;0.39542078
N;0.479329042
N;0.536473411
L;0.543644612
V;0.268089235
I;0.218946651
G;0.163693736
H;0.133193053
R;0.114229506
N;0.107592056
Y;0.100310147
G;0.131865799
K;0.131153504
V;0.147520855
E;0.143776661
F;0.136818538
L;0.099748433
E;0.106602058
P;0.142451028
V;0.190702327
D;0.17158519
L;0.183172613
L;0.072523177
N;0.057342052
T;0.058169156
P;0.068395965
L;0.085457629
D;0.081559777
T;0.170993894
L;0.258814931
C;0.252330333
G;0.266847767
D;0.281597179
L;0.29665868
V;0.136794776
T;0.086997166
F;0.070981423
G;0.061045632
P;0.061152452
K;0.0900774
S;0.487547189
C;0.467906088
S;0.417739113
I;0.367031865
Y;0.327601975
E;0.299046954
N;0.166897506
C;0.125816181
S;0.094937772
I;0.076652609
K;0.062949419
P;0.054579323
E;0.031692863
K;0.039288893
G;0.1022998
E;0.11707978
G;0.151048148
I;0.14888226
N;0.077402145
V;0.071909413
R;0.063843975
C;0.120562904
R;0.129234618
V;0.208658939
T;0.495374084
L;0.437367126
Y;0.449558904
S;0.408671446
C;0.363067883
F;0.309150552
P;0.025624543
I;0.022021726
D;0.017166177
K;0.01455836
E;0.014893943
T;0.015341451
R;0.014486194
K;0.04318355
P;0.088739306
I;0.135717444
K;0.124963999
N;0.163034136
I;0.579179883
T;0.397026151
H;0.300509721
P;0.233351424
L;0.201139122
L;0.174784005
K;0.027754426
R;0.051322341
S;0.099992464
I;0.09466245
A;0.080398804
K;0.069303935
L;0.036217809
K;0.03894119
E;0.057120681
N;0.106356218
P;0.112493837
V;0.114124939
Y;0.055971265
K;0.042023703
F;0.038881203
E;0.039428487
S;0.044599956
Y;0.045876518
D;0.05858013
P;0.112437248
V;0.144914826
T;0.147008084
G;0.15000608
T;0.185258836
Y;0.229981244
S;0.212309897
Y;0.178029676
T;0.18065846
I;0.226182324
D;0.223257611
H;0.223257611
P;0.223257611
V;0.223257611
L;0.223257611
T;0.223257611
